name,taxID,L2,L3,All,Length,AA,Clade,Class
A0A010Q3S0,1445577,240.64,168.59,218.38,218,AEQRKLLEQLMGGSASTRAASLSMTDPKVCRSFLVGTCPHDLFTNTKQDLGPCPKQHSEALKAEYEglSDKEKQKYGFEYDYMRDLQKYIDDCNRRIDSAQRRLEKTPDEIRQTNALLKSIAELSSTIHNGTLEVEILGEMAEVSRAIDEFYRVRQAQQTKLDREKELKALSDTSGPSGHQKLQVCDVCGAYLSRLDNDRRLADHFYGKMHLGYAQMR,Opisthokonta,L2-type
A0A015JMI8,1432141,189.99,132.59,169.98,169,MDLGACPKMHSERLKSEYEEAKKRKECDYEAEFERNLANFVADCDRKIASAQKRLDKTPEDSAKVTQLTKEIESLATEISELTKEVEVLGEEGKVTESIKLLQDVDAKKVIKTEKEKELKSSAEGSGPSQQQKLRVCEVCSAYLSIFDSDRRLADHFGGKMHLGYLKIR,Opisthokonta,L2-type
A0A015K223,1432141,153.53,271.66,260.94,215,MDYQRQLLEELMAPFERSNKHNFWDDSVCKHFLVKFCPNSLFTNTKSDLGPCTKVHDEKLRKQYQEAPDRTKYGYEIKFYDYLQSLCNDLDKKIRKGNDRLNVRPDDTLLNPNKDEKEEKMIILDEKIKELLVKIEEAGEEGRVQEAQILTKEVETLQKDLDFLKNSDDSNPLFKQERRMLVCEVCGAFLVTNDTSNRMDAHLQGKQHTGYKQIR,Opisthokonta,L3-type
A0A015LDW1,1432141,264.55,195.57,241.26,217,AEARKALEALMGAEALGGVPDHMKYDDDKVCRNYLCGLCPHDLFTNTKMDLGACPKMHSERLKSEYEEAKKRKECDYEAEFERNLANFVADCDRKIASAQKRLDKTPEDSAKVTQLTKEIESLATEISELTKEVEVLGEEGKVTESIKLLQDVDAKKVIKTEKEKELKSSAEGSGPSQQQKLRVCEVCSAYLSIFDSDRRLADHFGGKMHLGYLKIR,Opisthokonta,L2-type
A0A016T530,53326,147.51,134.66,156.51,218,MRDMIAQLMGSQKEGEEGRDLPPYHHPSVCRAYLIGCCPYELVPDSRlQGLVSCRKTHEPAHKADFLKAQKERDHYYDVDAFDILENAIRIVDNEISRIKDKLDREAREQTDTAEAVKTQRINDLSEQIGKAVAEMEELGNMGKVEESMKLSKTVEDLRARKAELEGQTDFRLAGPGSNAARLRVCEDCGAQLNIMDHESRIADHFGGKMHLGMVECR,Opisthokonta,Unclassified
A0A016T5T1,53326,147.51,134.66,156.51,218,MRDMIAQLMGSQKEGEEGRDLPPYHHPSVCRAYLIGCCPYELVPDSRlQGLVSCRKTHEPAHKADFLKAQKERDHYYDVDAFDILENAIRIVDNEISRIKDKLDREAREQTDTAEAVKTQRINDLSEQIGKAVAEMEELGNMGKVEESMKLSKTVEDLRARKAELEGQTDFRLAGPGSNAARLRVCEDCGAQLNIMDHESRIADHFGGKMHLGMVECR,Opisthokonta,Unclassified
A0A016T5W3,53326,149.53,136.00,158.26,220,DVMRDMIAQLMGSQKEGEEGRDLPPYHHPSVCRAYLIGCCPYELVPDSRlQGLVSCRKTHEPAHKADFLKAQKERDHYYDVDAFDILENAIRIVDNEISRIKDKLDREAREQTDTAEAVKTQRINDLSEQIGKAVAEMEELGNMGKVEESMKLSKTVEDLRARKAELEGQTDFRLAGPGSNAARLRVCEDCGAQLNIMDHESRIADHFGGKMHLGMVECR,Opisthokonta,Unclassified
A0A016T609,53326,149.53,136.00,158.26,220,DVMRDMIAQLMGSQKEGEEGRDLPPYHHPSVCRAYLIGCCPYELVPDSRlQGLVSCRKTHEPAHKADFLKAQKERDHYYDVDAFDILENAIRIVDNEISRIKDKLDREAREQTDTAEAVKTQRINDLSEQIGKAVAEMEELGNMGKVEESMKLSKTVEDLRARKAELEGQTDFRLAGPGSNAARLRVCEDCGAQLNIMDHESRIADHFGGKMHLGMVECR,Opisthokonta,Unclassified
A0A016T640,53326,149.53,136.00,158.26,220,DVMRDMIAQLMGSQKEGEEGRDLPPYHHPSVCRAYLIGCCPYELVPDSRlQGLVSCRKTHEPAHKADFLKAQKERDHYYDVDAFDILENAIRIVDNEISRIKDKLDREAREQTDTAEAVKTQRINDLSEQIGKAVAEMEELGNMGKVEESMKLSKTVEDLRARKAELEGQTDFRLAGPGSNAARLRVCEDCGAQLNIMDHESRIADHFGGKMHLGMVECR,Opisthokonta,Unclassified
A0A016TX76,53326,148.79,220.18,218.47,226,AMAAMLDELMGPKRNVELGKDTKVTFDDPDICKYYIVGFCPHDMFVNTKADLGACPRVHDDNLRLEYPKSDKFEKLGFEREFLKFLSRLDEDNQRRIRKNLEKLKANEENGQKKEDLRKLrdEQEIARIDGEIKLCMAEAEKAGEEGLVTKCQELVDKIEQLEKQKTAVEERLNNTATIPPPIDeSAIKVMEVCEVCGSMLIKNDAQCRVEEHLSGKMHMGFSKIK,Opisthokonta,Unclassified
A0A016TXV0,53326,148.79,220.18,218.47,226,AMAAMLDELMGPKRNVELGKDTKVTFDDPDICKYYIVGFCPHDMFVNTKADLGACPRVHDDNLRLEYPKSDKFEKLGFEREFLKFLSRLDEDNQRRIRKNLEKLKANEENGQKKEDLRKLrdEQEIARIDGEIKLCMAEAEKAGEEGLVTKCQELVDKIEQLEKQKTAVEERLNNTATIPPPIDeSAIKVMEVCEVCGSMLIKNDAQCRVEEHLSGKMHMGFSKIK,Opisthokonta,Unclassified
A0A016TXZ9,53326,148.79,220.18,218.47,226,AMAAMLDELMGPKRNVELGKDTKVTFDDPDICKYYIVGFCPHDMFVNTKADLGACPRVHDDNLRLEYPKSDKFEKLGFEREFLKFLSRLDEDNQRRIRKNLEKLKANEENGQKKEDLRKLrdEQEIARIDGEIKLCMAEAEKAGEEGLVTKCQELVDKIEQLEKQKTAVEERLNNTATIPPPIDeSAIKVMEVCEVCGSMLIKNDAQCRVEEHLSGKMHMGFSKIK,Opisthokonta,Unclassified
A0A016TYG2,53326,148.79,220.18,218.47,226,AMAAMLDELMGPKRNVELGKDTKVTFDDPDICKYYIVGFCPHDMFVNTKADLGACPRVHDDNLRLEYPKSDKFEKLGFEREFLKFLSRLDEDNQRRIRKNLEKLKANEENGQKKEDLRKLrdEQEIARIDGEIKLCMAEAEKAGEEGLVTKCQELVDKIEQLEKQKTAVEERLNNTATIPPPIDeSAIKVMEVCEVCGSMLIKNDAQCRVEEHLSGKMHMGFSKIK,Opisthokonta,Unclassified
A0A016TZ64,53326,148.79,220.18,218.47,226,AMAAMLDELMGPKRNVELGKDTKVTFDDPDICKYYIVGFCPHDMFVNTKADLGACPRVHDDNLRLEYPKSDKFEKLGFEREFLKFLSRLDEDNQRRIRKNLEKLKANEENGQKKEDLRKLrdEQEIARIDGEIKLCMAEAEKAGEEGLVTKCQELVDKIEQLEKQKTAVEERLNNTATIPPPIDeSAIKVMEVCEVCGSMLIKNDAQCRVEEHLSGKMHMGFSKIK,Opisthokonta,Unclassified
A0A016VKT7,53326,129.14,179.65,184.05,236,YMAQMLNELMGPQRNSLPGEGGAIDFDHPDVCRDFLVGFCLAEAFRNTKNDLGFCPYpIHDEALKKRYQESHRFGRLGYEEKYLERLNRMHSEVRRKIEKNEARLVHTRADTHVSCEVYDKKKKDLIEKremigrrIEGLMEEAEIEGQQGNVAAAQTAVQKADELTKERedlKKQEEELeleRQRAiTMEDQLTAGNKQMQVCQVCGCFMLTNDAQSRIDDHLSGKLHIAYTRIK,Opisthokonta,Unclassified
A0A016VLC2,53326,129.14,179.65,184.05,236,YMAQMLNELMGPQRNSLPGEGGAIDFDHPDVCRDFLVGFCLAEAFRNTKNDLGFCPYpIHDEALKKRYQESHRFGRLGYEEKYLERLNRMHSEVRRKIEKNEARLVHTRADTHVSCEVYDKKKKDLIEKremigrrIEGLMEEAEIEGQQGNVAAAQTAVQKADELTKERedlKKQEEELeleRQRAiTMEDQLTAGNKQMQVCQVCGCFMLTNDAQSRIDDHLSGKLHIAYTRIK,Opisthokonta,Unclassified
A0A016VLQ3,53326,129.14,179.65,184.05,236,YMAQMLNELMGPQRNSLPGEGGAIDFDHPDVCRDFLVGFCLAEAFRNTKNDLGFCPYpIHDEALKKRYQESHRFGRLGYEEKYLERLNRMHSEVRRKIEKNEARLVHTRADTHVSCEVYDKKKKDLIEKremigrrIEGLMEEAEIEGQQGNVAAAQTAVQKADELTKERedlKKQEEELeleRQRAiTMEDQLTAGNKQMQVCQVCGCFMLTNDAQSRIDDHLSGKLHIAYTRIK,Opisthokonta,Unclassified
A0A016VMH9,53326,129.14,179.65,184.05,236,YMAQMLNELMGPQRNSLPGEGGAIDFDHPDVCRDFLVGFCLAEAFRNTKNDLGFCPYpIHDEALKKRYQESHRFGRLGYEEKYLERLNRMHSEVRRKIEKNEARLVHTRADTHVSCEVYDKKKKDLIEKremigrrIEGLMEEAEIEGQQGNVAAAQTAVQKADELTKERedlKKQEEELeleRQRAiTMEDQLTAGNKQMQVCQVCGCFMLTNDAQSRIDDHLSGKLHIAYTRIK,Opisthokonta,Unclassified
A0A016VN84,53326,129.14,179.65,184.05,236,YMAQMLNELMGPQRNSLPGEGGAIDFDHPDVCRDFLVGFCLAEAFRNTKNDLGFCPYpIHDEALKKRYQESHRFGRLGYEEKYLERLNRMHSEVRRKIEKNEARLVHTRADTHVSCEVYDKKKKDLIEKremigrrIEGLMEEAEIEGQQGNVAAAQTAVQKADELTKERedlKKQEEELeleRQRAiTMEDQLTAGNKQMQVCQVCGCFMLTNDAQSRIDDHLSGKLHIAYTRIK,Opisthokonta,Unclassified
A0A017S5D0,1388766,240.66,170.89,215.89,224,AEQRKLLEQLMGADNLVGTGAPSrnAQLSITDSKVCRSYLVGTCPHDLFTNTKQDLGPCPKVHSEGLKTEYELASAGEKAKwgFDFDYMRDMQKYIDDCDRRIDSAQRRLEKTPDEIRQTNNLLKQISDLSKTINTGLLEVSVLGETGSVALALNELHKIRTAKHQKETCERELKNLQDTSGPSGHQKLQVCDVCGAYLSRLDNDRRLADHFFGKMHMGYSDMR,Opisthokonta,L2-type
A0A022QVH2,4155,151.11,293.16,279.55,227,MDAQRALLDELMGSARNLTEEERKghREIKWDDKDVCGCYMVRFCPHDLFVNTRSDLGVCPKIHDPKLKESFEESPRHDSYVpkFEAELSQFCERLVSDLDRRVRRGRERLAQDVEVPPPPPISAEKAEQLSVLEEKIKNLLEQVESLGEAGKVDEAEALMRKVELLNIEKTALTQPPQPDKLLLVAQEKKMALCEICGSFLVANDAAERTQSHVTGKQHMGYGMVR,Viridiplantae,L3-type
A0A022RH43,4155,312.09,182.25,264.50,304,MDALRKQLDVLMGANRNGDTEEVSRKYYDRDVCRLFLAGLCPHELFQLTKMDKGPCPKIHSLQLRKEYQEAKAKDVDNYDKDLEDNIDRLIVECDRKISRALKRLDEedakaaiaisvsevtqapdiieiskqikekmkeadqadlegntdmkiralelldelratradkqatllldafnrdraslpqplinAQQLTPVPAAISDPHIQEMINEKLKKAEELGEQGMVDEAQKALEEAEALKKLPARQEPVLDSSKYTAADVRITDQKLRVCDICGAFLSVYDSDRRLADHFGGKLHLGYMLIR,Viridiplantae,L2-type
A0A022RIA8,4155,311.40,177.64,262.87,304,MDALRKQLDVLMGANRNGDSQEITRKYYDRDVCRLFLAGVCPHELFQLTKMDKGPCPKVHSLQLRKEYKEAKEKGLDNYDRELEDNIDRLIVECDRKIERALKRLDEddakaaiaisvtevtqtpetielskqikeklkeadqfdfegntdmkirtleevdelrtkradkqstllldafnkdraslpqplTSAPQAAPGPAALPDPFIQQMINEKLKKAEDLGEQGMIDEAQKALEEAEALKKLPARQEPMLDSSKYTAADVRITDQKLRVCDICGAFLSVYDSDRRLADHFGGKLHLGYILIR,Viridiplantae,L2-type
A0A022W023,1215330,228.67,159.68,203.25,213,QADQLIGGPSSGRNAQVAITDPKVCRSYLAGTCPHDLFTNTKQDLGPCPKLHSEGLKAEYDAASSHEKAKwgFEYDYLRDMQKYIDECNRRIDSAQRRLEKTPDEIRQTNHLLSQISDLNKTINAGLEETSVLGELGAVATAIDEFYKVRTAKHQKESLERDLKALADTSGPSGHQKLQVCDVCGAYLSRLDNDRRLADHFFGKMHLGYAKMR,Opisthokonta,L2-type
A0A022W058,1215330,237.49,171.90,213.20,224,AEQRKLLEQLMGADQLIggPSSGRNAQVAITDPKVCRSYLAGTCPHDLFTNTKQDLGPCPKLHSEGLKAEYDAASSHEKAKwgFEYDYLRDMQKYIDECNRRIDSAQRRLEKTPDEIRQTNHLLSQISDLNKTINAGLEETSVLGELGAVATAIDEFYKVRTAKHQKESLERDLKALADTSGPSGHQKLQVCDVCGAYLSRLDNDRRLADHFFGKMHLGYAKMR,Opisthokonta,L2-type
A0A022XQP0,1215331,235.32,171.75,212.16,224,AEQRKLLEQLMGADQLIggPSSGRNAQVAITDPKVCRSYLAGTCPHDLFTNTKQDLGPCSKLHSEGLKAEYDAASSHEKAKwgFEYDYLRDMQKYIDECNRRIDSAQRRLEKTPDEIRQTNHLLSQISDLNKTINAGLEETSVLGELGAVATAIDEFYKVRTAKHQKESLERDLKALADTSGPSGHQKLQVCDVCGAYLSRLDNDRRLADHFFGKMHLGYAKMR,Opisthokonta,L2-type
A0A022XRR5,1215331,226.56,159.58,202.27,213,QADQLIGGPSSGRNAQVAITDPKVCRSYLAGTCPHDLFTNTKQDLGPCSKLHSEGLKAEYDAASSHEKAKwgFEYDYLRDMQKYIDECNRRIDSAQRRLEKTPDEIRQTNHLLSQISDLNKTINAGLEETSVLGELGAVATAIDEFYKVRTAKHQKESLERDLKALADTSGPSGHQKLQVCDVCGAYLSRLDNDRRLADHFFGKMHLGYAKMR,Opisthokonta,L2-type
A0A023B4H7,110365,145.33,199.80,202.97,212,VAALLDSLLGADRNELPSAAGvKRRSFADPDVCKYYLVDFCPHDLFPNTRSHLGPCPRVHDEAMKEEYKRSADKERYAveFEEEMLAFLKQLVSSAEQKIQKANRRIDAPLPENALLSDEQQQLINAMNDKITNLLKDAEIAGEKGDVEEVASITRQVQTLKREIERAGSLVYGSYMQREKSLRVCSICGAMQSVGDSMSRFESHVTGKLHL,Sar,Unclassified
A0A023ENH0,7160,154.89,257.30,251.02,228,MDVARQLLDELMGRNRNLDPSVKTKELNWEDEEFCTYFMVKFCPHELFVNTRADLGQCGKLHDEEAKKLFDAAKQCRKKIqYEEDFLRFCTNMINEVDRKIVKGQQRLLLMNSKLEARPVSKQQEQINTMNEKIEKLLREAEEAGIRGDVDQAQSLMQMSDQLKEEKDELIKQHESNgwSVTAEYAASQEKQMEVCQVCGAFLIVGDAQQRIDDHLTGKQHLGYSKLR,Opisthokonta,L3-type
A0A023EQC8,7160,189.16,128.69,169.05,170,RMDLGECPKVHDLALRADYENASKSKDYYYDVDSMEHLQAFIADCDRRTEAAKKRLAETQEELTAEVAAKANAVHELAEEIGKKLAKAEALGEAGQVEESMKLMSEIDELRARKTKAEHEYRSAIPASSYQQQKLRVCEVCSAYLGIHDNDVRLADHFGGKLHLGFLAIR,Opisthokonta,L2-type
A0A023F996,30076,158.07,264.46,255.42,230,AAAALLDELMGRYRNLAPSDKTKELNWEDPEFCKYYMVKFCPHDLFVNTRADLGTCPKVHDDEVKALFEKSNSYKKQTYEDEFIRFAQSMLNEVERKITKGKQRLALMSKSEPPSTisvaQTQKNDEQIKLLSEKINSLVNEAEAAGIEGNVEQAQGLMKLCDQLKEERETLKKQNDNSawSQTAELAAAQEKQMEVCEVCGAFLIVGDAQSRIDDHLMGKQHVGYARLR,Opisthokonta,L3-type
A0A023FLX2,34607,246.64,156.58,205.72,200,NNRYKVHFTDPRVCKSFLLACCPHDILASTRMDLGDCPKIHDLALRADYENASKKKDYFYDVDAMEHLQNFISECDRRTEQAKRRLAETQEELSAEVTLKLNRVHELAENMGKKLAAAEAKGADGNVEESLKLLEEVEEIRRKKAEAEQDYRNSMPASSYQQQKLRVCDVCSAYLGIHDNDRRLADHFGGKLHLGFIAIR,Opisthokonta,L2-type
A0A023GJ29,251400,246.64,156.58,205.72,200,NNRYKVHFTDPRVCKSFLLACCPHDILASTRMDLGDCPKIHDLALRADYENASKKKDYFYDVDAMEHLQNFISECDRRTEQAKRRLAETQEELSAEVTLKLNRVHELAENMGKKLAAAEAKGADGNVEESLKLLEEVEEIRRKKAEAEQDYRNSMPASSYQQQKLRVCDVCSAYLGIHDNDRRLADHFGGKLHLGFIAIR,Opisthokonta,L2-type
A0A023GN24,251400,161.59,274.31,265.37,232,ASAKQLLDELMGRDRNLAPAEKKDTCNWEDPDVCKHFLAKFCPNDLFVNTKADLGPCNKVHDDRLKREYEESPRYRQEGYEEAFLQFCQSMLSDVEKRIRRARQRLSLSNQegglVIKTKEPAAPTDERVIVLNERIQGLLQQVEQLGCEGKVEEAQAIMKLCDQLKEERKSLDKDSDKahwLRQTAELAAAQEKQMEVCDICGAFLIVGDAQQRVDDHLMGKQHMGYAKLK,Opisthokonta,L3-type
A0A024GB74,65357,151.82,119.27,143.11,201,MDLGECPKLHLSNLRTKYEKDTNKSSGYEYELERELLRFISDLDKKIYRAQKRLEEQEGSKAPSLMDvenCKEVLEITAEIQEAMLKAEEAGNEGQVDLSMELMEKVEDLKQKKADAQanAMLRSVQgvgirppdyrkggleiKTaglsellprnplaSTDVNQKLRVCDVCGAFLSIFDSDRRLANHFGGKLHLGYLQIR,Sar,Unclassified
A0A024RUZ9,1344414,240.54,172.73,219.56,218,AEQRKLLEQLMGASSSSRAAQLSLNDPKVCRSYIVGTCPHDLFTNTKQDIGPCPKVHAEGLKAEYEAlsEREKHKYGFEYDYMRDLQKYIDECNRRIDAAQRRLEKTPDEIRQTNALLKTISDLTASINNGLLEVEILGSMGEVSRAMDELFRVRQAGQQKAEREKELKALSDTSGPSGHQKLQVCDVCGAYLSRLDNDRRLADHFYGKMHLGYAQMR,Opisthokonta,L2-type
A0A024V041,1036723,139.97,218.42,213.81,214,MEEMRSLLDSLMGKDRNETDSKKKYSFKDENVCKYYLIDFCPHDLFPNTKSDIGRCKNIHSDILKEQLEKHEDYKYYLakYQQMFMKTLERIIDVADMKIEKTKEKLKHMSNTPNNTSDKKTKIESINSHICDLLKQSEEAGEKGDLNKATSFNNQITMLQEEIKRLTEEMQKSNDGNLKVCEICGAMQAVGDMVQRFENHINGKQHLGFDKIR,Sar,Unclassified
A0A024VIV2,1036724,61.39,80.60,79.27,60,MEEMRSLLDSLMGKDRNETDSKKKYSFKDENVCKYYLIDFCPHDLFPNTKSDIGRYNQIK,Sar,Unclassified
A0A024VJP6,1036724,35.96,46.89,49.37,159,TLKNVFLEEQENNKRKYEELSDHLDKMKTYFDEKINSLKNNTHENFEELKYylDNLNKKNkdtISESNTFQENIDAIQNDISKLKKDKEENTNLIKSSIRTYFDKMKNVKYIYMFPYILFFFFFKVCEICGAMQAVGDMVQRFENHINGKQHLGFDKIR,Sar,Unclassified
A0A024VYL5,1036725,67.19,126.96,123.59,160,LCKNIHSDILKEQLEKHEDYKYYLakYQQMFMKTLERIIDVADMKIEKTKEKLKHMSNTPNNTSDKKTKIESINSHICDLLKQSEEAGEKGDLNKATSFNNQITMLQEEIKRLTEEMQKSNDGNLKVCEICGAMQAVGDMVQRFENHINGKQHLGFDKIR,Sar,Unclassified
A0A024WH24,1036727,139.97,218.42,213.81,214,MEEMRSLLDSLMGKDRNETDSKKKYSFKDENVCKYYLIDFCPHDLFPNTKSDIGRCKNIHSDILKEQLEKHEDYKYYLakYQQMFMKTLERIIDVADMKIEKTKEKLKHMSNTPNNTSDKKTKIESINSHICDLLKQSEEAGEKGDLNKATSFNNQITMLQEEIKRLTEEMQKSNDGNLKVCEICGAMQAVGDMVQRFENHINGKQHLGFDKIR,Sar,Unclassified
A0A024WZ64,5835,139.97,218.42,213.81,214,MEEMRSLLDSLMGKDRNETDSKKKYSFKDENVCKYYLIDFCPHDLFPNTKSDIGRCKNIHSDILKEQLEKHEDYKYYLakYQQMFMKTLERIIDVADMKIEKTKEKLKHMSNTPNNTSDKKTKIESINSHICDLLKQSEEAGEKGDLNKATSFNNQITMLQEEIKRLTEEMQKSNDGNLKVCEICGAMQAVGDMVQRFENHINGKQHLGFDKIR,Sar,Unclassified
A0A026WHM4,2015173,153.81,257.70,249.65,231,AAAAALLDELMGRNRNVLPNEKPKELNWEDPEFCKLYLVKFCPHDLFVNTRADLGACPKVHDDEARELFEKAPYSYRKQqYEDEFIRYCQGMLNEVERKIVKGKQRLALIGRTeAPTLTPAQTQrnEEQIALLTEKINKLVEEAEQSGIQGNVEQAQGLMRLCDQLKEERETLRKSNDNShyNQTAELAAAQEKQMEVCDVCGAFLIVGDAQQRIDDHLMGKQHVGYARLK,Opisthokonta,L3-type
A0A026X256,2015173,272.64,183.89,238.12,218,DQMRAMLDQLMGTGRNGENNKFQVKYSDSKVCKSFLLACCPHEILSSTRMDLGECPQIHDLALRADYEAAQKKRDHFYDIDAMEHLQNFIADCDRRTEQAKQRLAETQEELSAEVAAKANNVHVLAEEIGKKLAKAEQLGEEGFVEESMKLMGEIDELRKKKNEAEQEYRNSMPASSYQQQKLRVCEVCSAYLGIHDNDRRLADHFGGKLHLGFIKIR,Opisthokonta,L2-type
A0A034VIQ6,27457,152.93,246.11,242.08,272,DAARQMLDELMGRNRNLHPSEAPRKVSWDDPDFCQYYIVKFCPHDLFINTRADLGPCTQIHDDEAKRLYEEARPSpRKRSYEDEFLRFCNNMLNDVDRKIQKGKQRLQLMHRDQPAPSiPLSKYQEQLNNMNARIKKLLSEAEEAGIRGDVDQAKDLMALCEQLKDEKEalvaqhEQQQQIHHQTngllkeslttpppesnTDKSDgekspksedggsdKKvlpwmqdlgtlpEKQMEVCEICGAFLIVGDAQQRIEDHLMGKQHLGYSRLR,Opisthokonta,L3-type
A0A034WTC6,27457,252.84,181.22,232.18,217,DQMRAMLDQLMGTTRNGDDGRGLKFSDARVCKSFLLDCCPHDILASTRMDLGECPKVHDLAFRADYESAAKSHDFYYDIEAMEHLQAFIADCDRRTESAKQRLKETQEELTAEVAEKANAVHALAEEIGKKLAKAEALGEAGEVEESMSLMKEIDELRTKKIKAEHEYRTSMPASTYQQQKLRVCEVCSAYLGIHDNDIRLADHFGGKLHLGFLTIR,Opisthokonta,L2-type
A0A058ZAG4,691883,123.47,118.90,130.46,228,VTESSSRMHFTDDNICKMYLVGMCPHELFHNTHLDEGRCPHIHSDAMRRLYEKEVEELSARmkaesgdaplparavdpfgYLYSLLQNLGRIVQRADREINRMKADLDNKKRAWEDSAILDiRLEYNKVTEKLTELEAEAERLGGEGLVDESLQILNEASVLKESQSRLQAELREAESATAAslgVASNTLKMFVCDSCPAMLSRDDSDKCLEDHHSGRLHAGLVAVR,Opisthokonta,Unclassified
A0A059D1I0,71139,322.00,186.45,272.34,304,MDAIRKQLDVLMGANRNGDVREVNRKYYDRDVCRMYLVGLCPHELFQLTKMDMGPCPKVHSLQLRKEYEEAKGKGVDNYDRDLEDVIDRLIVECDRKIARALKRLEEddakaaiaisvsevtqtpeilelskqikeklkeadqhdlegktdlkiraleiveelrtkradkqsmllldafnkdrasLPQPLPNPPPLAPLpvVAPDPRTQEMINEKLKKAEDLGEQGMVDEAQKALEEAEALKKLHARQEPAQDSTKYTAADVRITDQKLRVCDICGAFLSVYDSDRRLADHFGGKLHLGYMQIR,NA,L2-type
A0A059D296,71139,322.96,183.64,267.25,301,MDAIRKQLDVLMGANRNGDVREVNRKYYDRDVCRMYLVGLCPHELFQLTKMDMGPCPKVHSLQLRKEYEEAKGKGVDNYDRDLEDVIDRLIVECDRKIARALKRLEEddakaaiaisvsevtqtpeilelskqikeklkeadqhgktdlkiraleiveelrtkradkqsmllldafnkdrasLPQPLPNPPPLAPLpvVAPDPRTQEMINEKLKKAEDLGEQGMVDEAQKALEEAEALKKLHARQEPAQDSTKYTAADVRITDQKLRVCDICGAFLSVYDSDRRLADHFGGKLHLGYMQIR,NA,L2-type
A0A059D303,71139,322.00,186.45,272.34,304,MDAIRKQLDVLMGANRNGDVREVNRKYYDRDVCRMYLVGLCPHELFQLTKMDMGPCPKVHSLQLRKEYEEAKGKGVDNYDRDLEDVIDRLIVECDRKIARALKRLEEddakaaiaisvsevtqtpeilelskqikeklkeadqhdlegktdlkiraleiveelrtkradkqsmllldafnkdrasLPQPLPNPPPLAPLpvVAPDPRTQEMINEKLKKAEDLGEQGMVDEAQKALEEAEALKKLHARQEPAQDSTKYTAADVRITDQKLRVCDICGAFLSVYDSDRRLADHFGGKLHLGYMQIR,NA,L2-type
A0A059F5E4,1288291,47.60,54.08,59.44,155,MKKARILLDELLGPNRNSSTKKLYDRNKHSSVCTHMLVSFCPFNLLKSIKYNYKSCNFInHERSYIKLYEESNKPDRKEFELTLLKELKAFYKNFKNKMKNSTNKLGFcyelrmqenLKEVRKLVDNLQENSIEIMEIYEDIKFLENEVYLLNKS,Opisthokonta,Unclassified
A0A059J114,1215338,237.49,171.90,213.20,224,AEQRKLLEQLMGADQLIggPSSGRNAQVAITDPKVCRSYLAGTCPHDLFTNTKQDLGPCPKLHSEGLKAEYDAASSHEKAKwgFEYDYLRDMQKYIDECNRRIDSAQRRLEKTPDEIRQTNHLLSQISDLNKTINAGLEETSVLGELGAVATAIDEFYKVRTAKHQKESLERDLKALADTSGPSGHQKLQVCDVCGAYLSRLDNDRRLADHFFGKMHLGYAKMR,Opisthokonta,L2-type
A0A059LEM1,1291522,103.38,142.25,144.19,213,MRAMLDELMGPGRDLPAEERAkiqTSRDWRDPQVCRYFLAGFCPYEEFRRTKQDLGDCPAVHDSSARSAWEALLEETRQGagHEAELLRWLDRLLQDLERRKEASMARLNTAPEGPQYLAEDQTRLEVLAAQIAAALASAGDAGEEGDVDVAQALTEEAEALRAQKTQLESAAAARAGNSALKGLRQEVCPISGLIINNDEARMRDHHTGRNY,Viridiplantae,Unclassified
A0A060S5B4,5854,139.97,218.42,213.81,214,MEEMRSLLDSLMGKDRNETDSKKKYSFKDENVCKYYLIDFCPHDLFPNTKSDIGRCKNIHSDILKEQLEKHEDYKYYLakYQQMFMKTLERIIDVADMKIEKTKEKLKHMSNTPNNTSDKKTKIESINSHICDLLKQSEEAGEKGDLNKATSFNNQITMLQEEIKRLTEEMQKSNDGNLKVCEICGAMQAVGDMVQRFENHINGKQHLGFDKIR,Sar,Unclassified
A0A060S7T9,5643,272.45,176.47,232.87,221,MQRKLLEQMMGPEAMGVSNANLHWSDEKVCRNFLCGTCPHTLFTNTKMDLGACPKSHTERLKTEFLAAREANPNDpifarFQAEYEANIFAFVDECDRRIRAAHRRLEKTPEENAKTTNLMREIAEIELAIQGGTEKIETLGEQGKVEESMREMAAIEALKSEKADKERELQQLTDTSGASGHQKLRVCDVCGAYLSVLDSDRRLADHFGGKMHLGYHELR,Opisthokonta,L2-type
A0A060T647,409370,179.27,137.34,167.49,219,AEQRKLLEQLMGADaLDPYAAPRRQELDLYDPKICKSFLVDICVHDLFANTKSDLGPCPKLHLQQYKMEYQAQKARGKEFaeIEMEHERNLERHVKEVDRQIEAGINKLKKTPEDIERLESITNDLERVNTELSLSLEEIELLGQHGEISKALYENDRLRSLWEEKSLKEKEIRNLSEVSGYSGHQKLQVCVGCGGFLSRLDSDRRLADHFVGKMHRSN,Opisthokonta,L2-type
A0A060W298,8022,257.37,180.85,230.26,219,QAQMRALLDQLMGTARDGDETRQRVKFTDERVCKSHLLNCCPHDILSGTRMDLGECAKTHDLALRADYEIASKARELFFELDAVDHLESFIADCDRRTELAKKRLVETQDEISAEVAAKAETVHELNEEIGKLLAKAEQLGAEGNVDEAQLILQEVEKVRSRKRDAEEEYRNSMPASSFQQQKLRVCEVCSAYLGLHDNDRRLADHFGGKLHLGFIQIR,Opisthokonta,L2-type
A0A060WUK6,8022,189.75,127.79,169.28,171,FRMDLGECAKTHDLALRADYEIASKERDLFFELDAVDHLESFIADCDRRTELAKKRLVETQDEISAEVAEKAETVHELNEEIGKLLAKAEQLGAEGNVDEAQKVLQEVEKVRSRKRDAEEEYRNSMPASSFQQQKLRVCEVCSAYLGLHDNDRRLADHFGGKLHLGFIQIR,Opisthokonta,L2-type
A0A060Y8Q4,8022,167.70,269.77,261.66,225,LSAAQLLDELMGRDRNLAPDEKRCNVRWDHETTCKYYLCGFCPAELFTNTRSDLGPCEKIHDENLRKMYEKSSRFMKEGYERDFLRYLQSLLAEVERRIRRGHARLALSQAQQAAgqgpGGPVGKNEEKATVLTEKIEDLVMQIEELGSEGRVEEAQGMMKLVEQLKDERELLSSTPSTIETFAAQEKQMEVCEVCGAFLIVGDAQSRVDDHLMGKQHMGYAKIK,Opisthokonta,L3-type
A0A060YAP7,8022,256.08,179.59,228.10,219,QAQMRAMLDQLMGTSRDGDTMRQRIKFTDERVCKSHLLDSCPHDILSGTRMDLGECVKVHDLALRADFEIASKQQEYFFELDAAEHLQSFIADCDRRTELAKTRLAETQDEISAEVAAKAERVHELNEEIGKLLARAEQLGGEGNVEEAQEVLEKVEKTRAMKKEAEDVYRNSMPASSFQQQKLRVCEVCSAYLGLHDNDRRLADHFGGKLHLGFIEIR,Opisthokonta,L2-type
A0A060YPM4,8022,257.52,179.66,228.58,219,QAQMRAMLDQLMGTSRDGDTMRQRIKFTDERVCKSHLLDSCPHDILSGTRMDLGECVKVHDLALRADFEIASKQQEYFFELDAAEHLQSFIADCDRRTELAKKRLAETQDEISAEVAAKAERVHELNEEIGKLLARAEQLGGEGNVEEAQEVLEKVEKTRAMKKEAEDVYRNSMPASSFQQQKLRVCEVCSAYLGLHDNDRRLADHFGGKLHLGFIEIR,Opisthokonta,L2-type
A0A061B4P7,36022,188.06,159.12,184.16,221,EQRQLLEQLMGRDMLIKPQSQRREISMMDQRVCKPFLMGICPYDLFSGTKQDMGRCRDIHLEKHKLQYNEQVKQGKEFpeFEHEVVSVLNRFVADCNRKIDVALKRLEPSPEEQEKITTaAKDLELMEARINIMTQEIEKLIELGEVTKAIEQGVKLEEMNVKREFYMKKLRSVTDNVGQSQQQKLQVCEVCGAYLSRLDTDRRLSDHYLGKVHLGYVQMR,Opisthokonta,L2-type
A0A061B616,5286,244.88,157.99,205.66,228,EQQRKLLEQLMGPEALGIVQHDISLYDPKLCHPFVAGICPHDLFTNTKMDLGPCPKTHSVKLKNEYEDLLKKAETEkdehqlrifntFKTNYEREIMNFVGECDRRIAAAHRRLEKTPEENNRTTALMREVGEIEGAYQAAMAEVEMLGSQGKVEESMTQLAKAEALKAEKQEKERELQQLTDTAGASGHQKLRVCDICGAYLSILDSDRRLADHFGGKMHLGYHQLR,Opisthokonta,L2-type
A0A061D5B0,5866,137.33,137.41,154.47,231,MDEMRAQWEALMGNLENPADPKETKSFEDKDVCKMYLVGLCPHDLFENTVGAclpiLTPCRSITSVRARCStvtscerskhilYLEQRKTRYYNYEAETLRFIIPLIEDCDRRVQRGRVRAEDDVACKQTTLDDatIAEAKRIDAEIEKKMKIANELGEKGEVEESFKLLEEAELLKKNKLEMLEKAGETSYQSRIKPCDICGALLSATDTDRRLTEHYSGKIHVSYQKLR,Sar,Unclassified
A0A061EY84,3641,326.87,180.98,271.20,304,MDAMRKQLDVLMGANRNGDVREVNRKYYDRDVCRLFLSGLCPHELFQLTKMDMGPCPKVHSLQLRKEYEEAKAKGVDNYDRELEDAIDRLIVECDRKIGRALKRLEDedakaaiaisvsdvtqtpevlelskqikeklkeadqhdlegktdlkiraleeveefrtkradkqsmllldafnkdrasLPQPLPNPPALAplpvPAPDPRTQEMINEKLKKAEDLGEKGMVDEAQKALEEAEALKKLPARQEPVLDSSKYTAADVRITDQKLRVCDICGAFLSVYDSDRRLADHFGGKLHLGYMQIR,Viridiplantae,L2-type
A0A061G0G1,3641,72.55,175.65,163.11,157,SFEKSPRHDAYVpkFEAELAQFCEKLVMDLDRRVRRGRERLAQEVEPAPPAPVSAekSEQLSVLEEKIKNLLEQVENLGESGKVDEAEALMRKVEVLNAEKTALTQQPQNDKVLMLAQEKKMALCEVCGSFLVANDAAERTQSHVTGKQHIGYGMVR,Viridiplantae,L3-type
A0A061G0Z3,3641,154.87,298.89,285.06,227,MDAQRALLDELMGTARNLTEEEKKgyREIRWDDKEVCGFYMVRFCPHDLFVNTRSDLGPCPRVHDQKLKESFEKSPRHDAYVpkFEAELAQFCEKLVMDLDRRVRRGRERLAQEVEPAPPAPVSAekSEQLSVLEEKIKNLLEQVENLGESGKVDEAEALMRKVEVLNAEKTALTQQPQNDKVLMLAQEKKMALCEVCGSFLVANDAAERTQSHVTGKQHIGYGMVR,Viridiplantae,L3-type
A0A061HXW7,10029,157.32,248.63,241.79,192,KVCKYYLCGFCPAELFTNTRSDLGPCEKIHDENLRKQYEKSSRFMKVGYERDFLRYLQSLLAEVERRIRRGHARLAlsQNQQSSGAAGPTGKNEEKIQVLTDKIDVLLQQIEELGSEGKVEEAQGMMKLVEQLKEERELLRSTTSTIESFAAQEKQMEVCEVCGAFLIVGDAQSRVDDHLMGKQHMGYAKIK,Opisthokonta,L3-type
A0A061I0C4,10029,157.32,248.63,241.79,192,KVCKYYLCGFCPAELFTNTRSDLGPCEKIHDENLRKQYEKSSRFMKVGYERDFLRYLQSLLAEVERRIRRGHARLAlsQNQQSSGAAGPTGKNEEKIQVLTDKIDVLLQQIEELGSEGKVEEAQGMMKLVEQLKEERELLRSTTSTIESFAAQEKQMEVCEVCGAFLIVGDAQSRVDDHLMGKQHMGYAKIK,Opisthokonta,L3-type
A0A061I104,10029,157.32,248.63,241.79,192,KVCKYYLCGFCPAELFTNTRSDLGPCEKIHDENLRKQYEKSSRFMKVGYERDFLRYLQSLLAEVERRIRRGHARLAlsQNQQSSGAAGPTGKNEEKIQVLTDKIDVLLQQIEELGSEGKVEEAQGMMKLVEQLKEERELLRSTTSTIESFAAQEKQMEVCEVCGAFLIVGDAQSRVDDHLMGKQHMGYAKIK,Opisthokonta,L3-type
A0A061I378,10029,157.32,248.63,241.79,192,KVCKYYLCGFCPAELFTNTRSDLGPCEKIHDENLRKQYEKSSRFMKVGYERDFLRYLQSLLAEVERRIRRGHARLAlsQNQQSSGAAGPTGKNEEKIQVLTDKIDVLLQQIEELGSEGKVEEAQGMMKLVEQLKEERELLRSTTSTIESFAAQEKQMEVCEVCGAFLIVGDAQSRVDDHLMGKQHMGYAKIK,Opisthokonta,L3-type
A0A061ID88,10029,109.22,89.37,110.15,129,SHLLNCFPHDVLSGTRMDLGECLKVHDLAIRTDYEIASKEQDFFFELDAMDHLQSFIVDCDRRTEVSKKRLAETQEEISAEVAAKAECVHELNEEIGKLLAKVEQLGAEGNVEESQKVMDEVEKREAEK,Opisthokonta,L2-type
A0A061R874,582737,131.04,188.78,189.90,218,MDMTRALLDELMGKERDVPLDVRTnKARRFDDEDICKYDLCGLCPYSLFKNTRSDLGICKwEVHgDEQVKEQWSKLEEKEKARypYEHELMTELEQLVREMDRKIARAKDRAEKESAPRPLSEADKKALDDLDAKMKEALEKAEKLGEEGDVDGAQVFSQQAESLAKQKETQYRQLTQPERTMSVCEVCGVFINSTDNEARRRDHLAGKQYLGWKAIR,Viridiplantae,Unclassified
A0A061RUV9,582737,131.04,188.78,189.90,218,MDMTRALLDELMGKERDVPLDVRTnKARRFDDEDICKYDLCGLCPYSLFKNTRSDLGICKwEVHgDEQVKEQWSKLEEKEKARypYEHELMTELEQLVREMDRKIARAKDRAEKESAPRPLSEADKKALDDLDAKMKEALEKAEKLGEEGDVDGAQVFSQQAESLAKQKETQYRQLTQPERTMSVCEVCGVFINSTDNEARRRDHLAGKQYLGWKAIR,Viridiplantae,Unclassified
A0A063BQW3,1159556,233.93,166.57,210.96,218,AEQRKLLEQLMGHQSTSRAAQLSLTDPKVCRSYLVGTCPHDLFTNTKQDLGQCPKVHSEPLKSEYDGLSdrEKQRYGFDYDYMRDLQKYIEDCNRRIDAAQKRLEKTPDEIRQTNVLLKAISNLSASIADGLLEVEVLASMAEVSHAIDENFRVKQTMQNKADKEKELKALSDTSGPSGHQKLQVCDVCGAYLSRLDNDRRLADHFYGKMHLGYASMR,Opisthokonta,L2-type
A0A066WLG7,1037660,248.73,178.72,220.96,217,QRIMLEKLMGPEAMGTATENLHFTDVKVCKNFLCGVCPHDLFSNTKVDLGPCPKSHNPRLKDEYNAALAKKERYptFELEHEQNVISFMADIDRKIAANKRRLDQTPEETAKFSNLMREIGEVESAVQAAMAEVERLGEEGEVEASLQELAKAEALKEEKAQKERELQQLNESAGASGHQKLRVCDVCGAYLSILDSDRRLADHFGGKMHLGYLKLR,Opisthokonta,L2-type
A0A066X7N1,1173701,241.95,173.23,221.89,218,AEQRKLLEQLMGGSASTRAASLSMTDPKVCRSFLVGTCPHDLFTNTKQDLGPCPKQHSEALRAEYEglSDKEKQKYGFEYDYMRDLQKYIDDCNRRIDSAQRRLEKTPDEIRQTNALLKSISELSSTIHNGTLEVEILGEMGEVSRAIDEFYRVRQAQQTKLDREKELKALSDTSGPSGHQKLQVCDVCGAYLSRLDNDRRLADHFYGKMHLGYAQMR,Opisthokonta,L2-type
A0A067BJQ2,695850,232.72,197.70,231.27,252,MDAQRALLDELMGRNRDGDKPQEDIRDFRDQRVCKRFLCGLCPHDLFQNTKMDMGECPKLHLPKLKLAYEEdrAKNQRDYGYEADLERELVRYVSDVEKKISRALKRLDEQDGARVSSMLDIENNKEVLEITAEIAELMQKAEDAGNEGEVDLSMELMAKVEALKVKKAALQgvpsAVLASTAgadalmPevDVAQatlmavlpgnplaMTNVNQKLRVCDMCGAFLSIFDSDRRLADHFGGKMHLGYMQIR,Sar,Unclassified
A0A067E356,2711,326.37,183.46,272.25,304,MDAMRKQLDVLMGANRNGDVREVNRKYYDRDVCRLYLAGLCPHELFQLTKMDMGPCPKVHSLQLRKEYEEAKAKGVDNYDRELEDAIDRLIVECDRKIGRALKRLEDddakaaiaisvsevtqtpevlelskqikeklketdqydyegktdlkiralevveelrtkradkqsmllldafnkdrasLPQPLPNPPPLAPLpiPAPDARTQEMINEKLKKAEDLGEQGMVDEAQKALEEAEALKKLPARQEPTLDSSKYTAADVRITDQKLRVCDICGAFLSVYDSDRRLADHFGGKLHLGYMQIR,Viridiplantae,L2-type
A0A067FH75,2711,71.82,174.50,161.01,157,SFEKSPRHDAYVpkFEAELAQFCEKLVMDLDRRVRRGRERLSQEVEPAPPPPISAekSEQLSVLEEKIKNLLEQVETLGEAGKVDEAEALMRKVEILNVEKTTLTQQSQNDKVLMMAQEKKMALCEICGSFLVANDAAERTQSHISGKQHIGYGMVR,Viridiplantae,L3-type
A0A067FQM6,2711,156.19,298.20,283.68,227,MDAQRALLDELMGAARNLTEEEKKeyKEIKWDDKEVCPFYMVRFCPHDLFVNTRSDLGPCPRIHDQKLKESFEKSPRHDAYVpkFEAELAQFCEKLVMDLDRRVRRGRERLSQEVEPAPPPPISAekSEQLSVLEEKIKNLLEQVETLGEAGKVDEAEALMRKVEILNVEKTTLTQQSQNDKVLMMAQEKKMALCEICGSFLVANDAAERTQSHISGKQHIGYGMVR,Viridiplantae,L3-type
A0A067FQN1,2711,156.19,298.20,283.68,227,MDAQRALLDELMGAARNLTEEEKKeyKEIKWDDKEVCPFYMVRFCPHDLFVNTRSDLGPCPRIHDQKLKESFEKSPRHDAYVpkFEAELAQFCEKLVMDLDRRVRRGRERLSQEVEPAPPPPISAekSEQLSVLEEKIKNLLEQVETLGEAGKVDEAEALMRKVEILNVEKTTLTQQSQNDKVLMMAQEKKMALCEICGSFLVANDAAERTQSHISGKQHIGYGMVR,Viridiplantae,L3-type
A0A067FQN6,2711,156.19,298.20,283.68,227,MDAQRALLDELMGAARNLTEEEKKeyKEIKWDDKEVCPFYMVRFCPHDLFVNTRSDLGPCPRIHDQKLKESFEKSPRHDAYVpkFEAELAQFCEKLVMDLDRRVRRGRERLSQEVEPAPPPPISAekSEQLSVLEEKIKNLLEQVETLGEAGKVDEAEALMRKVEILNVEKTTLTQQSQNDKVLMMAQEKKMALCEICGSFLVANDAAERTQSHISGKQHIGYGMVR,Viridiplantae,L3-type
A0A067JEU6,180498,150.87,287.88,275.74,225,MDLQRAMLDELMGADRNLTDDQKKeyKEITWDSKEVCPYYMARFCPHDLFVNTKSDLGPCDRIHDAKLKESFEKSPRHDRYLskFEAELAQRCEKLVMDLDRRVRRGRERLAQGEEPVPPPPLSTEKSEQLSVVEEKIKNLLVQVESLGEAGKVDEAQALMKKVDELNAEKTLIQSQNDKVLMVPQEKKMALCEICGSFLVANDAAERTQSHVTGKQHIGYGMVR,Viridiplantae,L3-type
A0A067JVQ4,180498,325.42,192.87,280.34,304,MDAMRKQLDVLMGANRNGDVREVNRKYYDRDVCRMYLVGLCPHELFQLTKMDMGPCPKVHSLQLRKEYEEARAKGTDNYDRELEDVIDRLIVECDKKISRALKRLEAedakaaiaisvsevtqtpeivelskqikeklkqadkfdlegktdfkiqaleeveklrteraekqsallleafnkdrasLPQPLPNPPPLAPLpvPAPDPRTQEMINEKLKKAEDLGEQGMVDEAQKALEEAEALKKLPARQDPALDSSKYTAADVRITDQKLRVCDICGAFLSVYDSDRRLADHFGGKLHLGYMQIR,Viridiplantae,L2-type
A0A067MQG0,930990,269.13,177.64,233.39,221,MQRKLLEQMMGPEAMGTSNANLVWSDEKVCKNFLCGTCPHALFTNTKMDLGPCPKAHTERLKSDFVAARDADPNNpqfarIQAEYESNLFQFVDECDRRIRAAHRRLEKTPEENAKTTNLMREIGEIELAIQGGTEKIETLGEQGKVEESMQELAAVEALKAEKSEKERELQQLTDTSGASGHQKLRVCDVCGAYLSVLDSDRRLADHFGGKMHLGYHELR,Opisthokonta,L2-type
A0A067NZZ9,1137138,271.51,173.99,230.80,221,MQRKLLEQMMGPEAMGVANANLVWSDDKVCRNFLCGTCPHTLFTNTKMDLGACPKSHTERLKTEFLAAREANPSDplfnrFQMEYEANIFAFVDECDRRIRAAHRRLEKTPEENAKTTNLMREIAEIELAIQGGTEKIETLGEQGKVDESMHEMAAIEALKSEKAEKERELQQLTDTSGASGHQKLRVCDVCGAYLSVLDSDRRLADHFGGKMHLGYHELR,Opisthokonta,L2-type
A0A067Q1R8,933084,273.67,178.13,234.06,221,MQRKLLEQMMGPEAMGVANANLHWSDDKVCRNFLCGTCPHTLFTNTKMDLGACPKSHTERLKTEFVAAKEANPSDpifakFQMEYENNIYTFVDECDRRIRAAHRRLEKTPEENAKTTNLMREIAEIELAIQGGTEKIETLGEQGKVDESMREMAAIEALKSEKSDKERELQQLTDTSGASGHQKLRVCDVCGAYLSVLDSDRRLADHFGGKMHLGYHELR,Opisthokonta,L2-type
A0A067QTC6,136037,273.77,182.41,237.45,218,DQIRAMLDQLMGTGRNGENNRFQVKFSDPKVCKSFLLSCCPHEILSSTRMDLGDCPKIHDLALRADFEKASHTKDYYYDIDAMEHLQAFIADCDRRTELAKQRLAETQEELSAEVAQKANKVHELAEQIGKKLARAEQLGAEGFVEESMKLMEEIEDLRKKKSAAEGEYRNSMPASSYQQQKLRVCEVCSAYLGIHDNDRRLADHFGGKLHLGFIKIR,Opisthokonta,L2-type
A0A067QTM9,136037,156.65,260.99,253.01,229,AAAALLDELMGRNRNIAPNDKAKELNWEDPEYCKLYMVKFCPHDLFVNTRADLGQCAKVHDDEVKALYEKSNSYKKQQYEDEFIRFCQSMLNEVERKIVKGKQRLALIGKADAISLsPAQTQrnEEQIKFLTEKINSLVDEAEQMGIQGNVEQAQGLMKLCDQLKEEREQLRGNNENshWQQTAELAAAQEKQMEVCDVCGAFLIVGDAQQRIDDHLMGKQHVGYARLK,Opisthokonta,L3-type
A0A067T3D2,685588,272.22,174.15,230.76,221,MQRKLLEQMMGPEAMGVANANLVWQDEKVCRNFLCGTCPHALFTNTKMDLGACPKSHTERLKTEYIAAKEAnpnDQIFnrFQMEYESNIFAFVDECDRRIRAAHRRLEKTPEENAKTTNLMREIAEIELAIQGGTEKIESLGEQGKVEESMREMAAIEALKSEKADKERELQQLTDTSGASGHQKLRVCDVCGAYLSVLDSDRRLADHFGGKMHLGYHELR,Opisthokonta,L2-type
A0A068RJQ6,1263082,152.98,267.92,259.52,212,MDFQKAMLEELMSQYVDVDNKDFWDDSVCKHYLVAYCPSQLFTNTKSDLGPCDKIHNDRLKERYQNAPDKHKYPYEAEFYDYLNKLVNDLGRRIRNGKGRLNIQGEDKLAENRKEEREEKMVLLDVKIKEMLQKIEEAGEEGRVQEAADLTTEVEKLQAELSQLKENADSGKSEKRMEVCQVCGAFLVTNDSSDRLEAHYQGKQHQGYLKIR,Opisthokonta,L3-type
A0A068S4V4,1263082,57.69,69.57,73.48,189,DKKRSYTDPSVCVDYLCGLCPLDFVQGYSCNKVHDLDLQTEYQLDIQQDRSKaRDKEHLESLEQFIKNRDNLSKGWRMRAREMFVKDDKAKDARRQMLSLHREIVRLLDERDTFIGKGDMAAAEGHLEKVHERIKLKKQAEAEVSKTIAVAANDDSALDVCNTCGYFYLVSHPEPHLKSDQHIAYDQIR,Opisthokonta,Unclassified
A0A068U9C7,49390,322.80,186.29,273.66,304,MDAIRKQLDVLMGANRNGDVREVDRKYYDRDVCRLFLSGLCPHELFQLTKMDMGPCPKVHSLQLRKEYEESKAKGTDNYDRDLEDVIDRLIVECDRKIARALKRLDDedakaaiaisvsevtqtpeilelskqikeklkeadqydlegktdmkiralevveelrtkradkqsmllldafnkdraslpqplTNPPQLAPLPAATPDPRIQEMINEKLKKAEDLGEQGMVDEAQKALEEAEALKKLPARQENVADSAKYTAADVRITDQKLRVCDICGAFLSVYDSDRRLADHFGGKLHLGYMQIR,Viridiplantae,L2-type
A0A068UA34,49390,153.05,296.16,282.02,227,MDAQRALLDELMGAARNLTEEERKgyKEITWDSKEVCSFYMVRFCPHDLFVNTRSDLGPCPKIHDQKLKESFEKSPRHDAYVpkFEAELAHFCEKLVMDLDRRVRRGRERLAQEIDVPPPPPIPAEKSEQLAVLEEKIKNLLEQVESLGEAGKVDEAEALMRKVEVLNAEKTALTQQPQQDKVLMMAQEKKMALCEICGSFLVANDAAERTQSHVTGKQHMGYGMVR,Viridiplantae,L3-type
A0A068WE96,6210,232.97,176.39,218.99,216,DQVRSLLDELMGAARDGGEKHIEFDDPRVCKSFLLDCCPHEILAGTRMDLGECPYSHEVGLKSDYRREAAKRPYYYEIDALRHLEAFIAESNRRTEHAKAKLKETQEELTEEAAVQVEKINKLSEEIGTTLAKAEQKGHEGHVEESLELMKRVEELNAEKAKHEADLRNAIPVSTYQQQKLRVCDVCSAYLGVHDNDRRLADHFGGKLHLGFITIR,Opisthokonta,L2-type
A0A068WN20,6210,162.58,254.66,249.86,219,ASQAALLDELLGKNRDAIDSDAMKGPHWSDEDMCRYFLCGFCPHDLFVNTKTDLGPCDKMHDERLRENYRKSNRFEKMGYEEEFYRYLCYLLEDVDKRIRRGHERLSVNKGAAPADPEAAAEkADKIASLTRRINDLVEQAEQLGTEGNVDQAQGVLKLCEQLKFERSQLEGDTRPGAGQSKELEVCEICGAFRIKDDAPQRVEEHLAGKMHLGYAKIR,Opisthokonta,L3-type
A0A068Y1K2,6211,232.97,176.39,218.99,216,DQVRSLLDELMGAARDGGEKHIEFDDPRVCKSFLLDCCPHEILAGTRMDLGECPYSHEVGLKSDYRREAAKRPYYYEIDALRHLEAFIAESNRRTEHAKAKLKETQEELTEEAAVQVEKINKLSEEIGTTLAKAEQKGHEGHVEESLELMKRVEELNAEKAKHEADLRNAIPVSTYQQQKLRVCDVCSAYLGVHDNDRRLADHFGGKLHLGFITIR,Opisthokonta,L2-type
A0A069DSS6,65343,158.07,264.46,255.42,230,AAAALLDELMGRYRNLAPSDKTKELNWEDPEFCKYYMVKFCPHDLFVNTRADLGTCPKVHDDEVKALFEKSNSYKKQTYEDEFIRFAQSMLNEVERKITKGKQRLALMSKSEPPSTisvaQTQKNDEQIKLLSEKINSLVNEAEAAGIEGNVEQAQGLMKLCDQLKEERETLKKQNDNSawSQTAELAAAQEKQMEVCEVCGAFLIVGDAQSRIDDHLMGKQHVGYARLR,Opisthokonta,L3-type
A0A072NYJ6,1182545,229.68,160.12,202.98,222,AEQRKLLEQLMGDQYMGGPSSRNANLTLNSPTVCRSYLVGTCPHDLFTNTKQDLGACPKAHPELLKIEYENLTpaEKAKHGFDYDYMRDLQKYIDDCNRRIDQAQRRLEKTPDEIRQTNNLLKTISDLTKTVNTGLLEVNCLAETGSVSLACAEFYKVRTAKMAKEQAERDLKSLSDTSGPSGHQKLQVCDVCGAYLSRLDNDRRLADHFYGKMHLGYAQMR,Opisthokonta,L2-type
A0A072TKA2,3880,154.40,292.42,282.51,225,MDAQRALLDELMGSARNMTEEERRgyKEVSWDDKEVCGFYMVRFCPHDLFVNTRSDLGACPKVHDPKLKENFENSPRHDAYVpkFEADLAQFCEKLVMDLDRRVKRGRERLNQEVELPPPPPLTAEKSEQLSVLEEKIKNLLEQVESLGEAGKVDEAEALMRKVETLNTEKAVLTQPQNEKVLMLQEKKMALCEVCGSFLVANDAAERTQSHVAGKQHVGYGMVR,Viridiplantae,L3-type
A0A074RVD0,1423351,281.69,178.56,237.65,221,MQRKLLEQMMGPEAMGAVNANLQWFDEKVCRNFLCGTCPHALFTNTKMDLGPCPKSHTERLKTDFNEAREKNPSDprfdqFQREYEANISSFVEECDRRIRAAHRRLEKTPEENAKTTNLMREIGEIELAIQGGTEKIESLGEEGKVEESMRELEAVEALKAEKTEKERELQQLTDTSGASGHQKLRVCDVCGAYLSVLDSDRRLADHFGGKMHLGYFELR,Opisthokonta,L2-type
A0A074VNJ6,1043003,239.08,170.05,215.21,223,AEQRKLLEQLMGEQLLAGPGASRaPQLSITDPKVCRSYLVGTCPHDLFTNTKQDLGLCPKTHSEALKSEYENADDHQKRKwgFEFDYMRDMQKYIDDCNRRIDSAQRRLEKTPDEIRQTNALLKQIGELSRNIEDGLVEVQILGELGSVNTAVTEYFRIRQQKQLKEDRERELKALSDTSGPSGHQKLQVCDVCGAYLSRLDNDRRLADHFFGKMHLGYAQMR,Opisthokonta,L2-type
A0A074WMT0,1043004,239.07,169.20,214.17,223,AEQRKLLEQLMGEQLLAGPGASRaPQLSITDTKVCRSYLVGTCPHDLFTNTKQDLGLCPKTHSEALKSEYENADDQQKRKwgFEFDYMRDMQKYIDDCNRRIDSAQRRLEKTPDEIRQTNALLKQIGELSRNIEDGLVEVQILGELGSVNTAVTEYFRIRQQKQLKEDRERELKALSDTSGPSGHQKLQVCDVCGAYLSRLDNDRRLADHFFGKMHLGYAQMR,Opisthokonta,L2-type
A0A074XNM9,1043002,239.61,169.07,214.49,223,AEQRKLLEQLMGEQLLAGPGASRaPQLSITDPKVCRSYLVGTCPHDLFTNTKQDLGLCPKTHSEALKSEYENADDQQKRKwgFEFDYMRDMQKYIDDCNRRIDSAQRRLEKTPDEIRQTNALLKQIGELSRNIEDGLIEIQILGELGSVNTAVTEYFRIRQQKQLKEDRERELKALSDTSGPSGHQKLQVCDVCGAYLSRLDNDRRLADHFFGKMHLGYAQMR,Opisthokonta,L2-type
A0A074YW51,1043005,239.23,167.08,213.14,223,AEQRKLLEQLMGEQLLAGPGASRaPQLSITDPKVCRSYLVGTCPHDLFTNTKQDLGLCPKTHSEALKSEYENADDQQKRKwgFDFDYMRDMQKYIDDCNRRIDSAQRRLEKTPDEIRQTNALLKQIGELSRNIEDGLVEVQILGELGGVNTAVTEYFRIRQQKQLKEDRERELKALSDTSGPSGHQKLQVCDVCGAYLSRLDNDRRLADHFFGKMHLGYAQMR,Opisthokonta,L2-type
A0A075ADI8,6198,168.07,259.35,253.74,219,AAQKALLDELMGKNRNACNGENASGPHWSDEDVCKYFLCGFCPHDLFVNTKTDLGPCTRTHDDRMKDAYKRSKRCGKMGYEEEFVQYLKHLLDDVEKRIRRGHERLAVNKCLNnPDPVTATEKKEKIAALTKRINDLVKQAEELGTEGKVDQAQGVLKLCEQLKFERSQLEGDARPGMSQTKELEVCEICGAFRIKDDAPQRVEEHLSGKMHLGYAKIR,Opisthokonta,L3-type
A0A075AFH9,6198,210.14,165.93,207.24,228,QIRALLDEFMGTSRNGGEAPISFEDPRVCKSFLLDSCPHEILSGTRMDLGACSLIHDPALKADYRRESERKSFGYELDVssqifihlawyqaLEHLQLFIRESDHRTKLAKAKLRETQEELTDEAQQKAEQINALSEQIGTKLAKAEQLGADGHVDESLALMKEVEDLNKEKAKSEAELRTAIPTSTYQQQKLRVCEVCSAYLGVHDNDRRLADHFGGKLHLGFIEIR,Opisthokonta,Unclassified
A0A075AT44,988480,137.62,179.47,181.49,205,SRKMLDRLMGTDRNDLEAKGGLKFNDPEVCKTFIARFCPHEMFQHTKMGriVGDCPyKHHDDYLRDAYLgKEGDKYREKYEMELYEFLEDLVQELDKSMRKGRERLDFRSTDEVMQLVKELLVKIEDFGEQGMIDEAQNLTKEVDKIKLEIDRLRAIEDVNPYLKLEKRMQVCDVCGLLLVMNDDPKRMEAHIAGKQHVGFLKVR,Opisthokonta,Unclassified
A0A077QUB7,1398559,246.32,177.95,221.05,218,VQRMLLEKLMGPEAMGTPTANLHFTDPKVCRNFLCGTCPHDLFANTKVDLGPCPKSHAPKYKDEYRKALVSGERFsaFEREHEHNILSFVADIDRKIAANKRRLEQTPEELAKFANMNREISEIETALAAVMAEVEALGEQGQIEESLAELAKADALKEEKAQKEKELHNAQENSGASGHQKLRVCDVCGAYLSILDSDRRLADHFGGKMHLGYLRLR,Opisthokonta,L2-type
A0A077RVK9,4565,24.13,49.82,49.78,38,VKMELCEQCVCFLVTNDVLERTHSHLTGKQHIGYGPVR,Viridiplantae,Unclassified
A0A077WXD0,688394,152.98,267.92,259.52,212,MDFQKAMLEELMSQYVDVDNKDFWDDSVCKHYLVAYCPSQLFTNTKSDLGPCDKIHNDRLKERYQNAPDKHKYPYEAEFYDYLNKLVNDLGRRIRNGKGRLNIQGEDKLAENRKEEREEKMVLLDVKIKEMLQKIEEAGEEGRVQEAADLTTEVEKLQAELSQLKENADSGKSEKRMEVCQVCGAFLVTNDSSDRLEAHYQGKQHQGYLKIR,Opisthokonta,L3-type
A0A077X4I1,688394,62.88,74.87,80.53,195,QQSRTNdKQRSYTDPIVCVDYLCGLCPQEFVRGYSCNKVHDLDLQTEYELEIQRDRSKaRDKEHLESLEQFIRNRDNLSKGWRMRTREMFVKDDKAKDARKQILSLHREIVRLLDERDSLIGKGDMTAADSHLDKIHERSKLKKQAEAELSKTMAVATDDNSALDVCDICGHFYLVNHSDPHLKSDQHIAYDQIR,Opisthokonta,Unclassified
A0A077Z233,36087,92.33,151.14,154.13,219,ELASLLDELMGRSRNALPTEAPKDFFLSTIALTNFSQTRKPIwvRHCNKMHDERMREAYKKSSRYGKCGYEHDFYCFLRKLHNEMARKITRNRQRLELTQPggvVSNNEFCFQKLEEKIQVLSEKVTALQAQAENLGVEGNVEEAQKIIAMADELAEERDHCQKVIFFSSLISFETPpGELKVMEVCDICGCFLIVGDSQHRLDEHLVGKQHLGFAKIK,Opisthokonta,L3-type
A0A077ZC39,36087,252.10,187.84,231.11,218,DQIRKMLDELMGTGRDGESRRDTVRYTDTRVCRTFLLGCCPFDVLANTRMDMGLCPKIHDPALKADYEKAAKDGKANFDIDALDHLDRFFTDSDRKMEQAKKRLAETQEEMNVELTEKADKVLMLNEEIGKALAQAEKLGEEGKVEESLQLMGQVDELRKQKQEADLDYRNSMPASSYQQQKLRVCEVCSAYLGIHDNDRRLADHFGGKLHMGYAYLR,Opisthokonta,L2-type
A0A078AWF7,5949,142.22,200.04,198.58,217,MGKDRNHPLHiRLQKRDHFDDEYVCKYNLLSFCPHDLFPNTKADIGPCQKRHDDFLKEMFKNDSDRELYQrkYEKELQSLLEQMIAQVDQKMKRSLARVENpisdpinTHEMNAHNQETVHNKIDQLEQKINFYIERAEKLGEEGKIDESEAIMKEVDKLKVQKSELEQLSDNTLLPKDKNMKVCDVCGALQATTDTDKRLQMHLEGKLHTGYLKIR,Sar,Unclassified
A0A078FR09,3708,321.81,180.60,269.47,302,MDAMRKQLDVLMGANRNGDVTEVNRKYYDRDVCRLYLSGLCPHELFQLTKMDMGPCPKVHSLQLRKEYKEAKAKGVDNYDRELEDAIDRLIVECDRKIGRALKRLQEedakaaiaisvtevtqspeilelstqikekmkeadlhdlegktdmkiralelveemrtkradlqavllleafnkdraaLPQPIPGQQPAAALPPPDPRTQEMINEKLKKAEEFGEQGMVDEAQKALEEAEALKKLTPRQEPVVDSTKYTAADVRITDQKLRLCDICGAFLSVYDSDRRLADHFGGKLHLGYMLIR,Viridiplantae,L2-type
A0A078H486,3708,155.24,290.80,279.36,226,MDAQRALLDELMGAARNLTDEERRgfKEIKWDDREVCAFYMVRFCPHDLFVNTKSDLGACSRIHDPKLKESFENSPRHDSYVpkFEAELVQFCEKLVNDLDRKVRRGQERLAQELEPPPPPSLSGekAEQLAVLEEKIKNLLEQVEALGEEGKVDEAEALMRKVEGLNTEKAMLIQRPNDKVLAMVQEKKMALCDVCGSFLVSNDAVERTQSHVTGKQHVGYGMVR,Viridiplantae,L3-type
A0A078HIZ8,3708,321.01,179.34,269.46,302,MDAMRKQLDVLMGANRNGDVTEVNRKYYDRDVCRLYLSGLCPHELFQLTKMDMGPCPKVHSLQLRKEYKEAKAKGVDNYDRELEDAIDRLIVECDRKIGRALKRLQEedakaaiaisvtevtqspeilelstqikekmkeadlhdlegktdmkiralelveemrtkradlqavllleafnkdraaLPQPIPGQPPAAALPPPDPRTQEMINEKLKKAEEFGEQGMVDEAQKALEEAEALKKLAPRQEPVVDSTKYTAADVRITDQKLRLCDICGAFLSVYDSDRRLADHFGGKLHLGYMLIR,Viridiplantae,L2-type
A0A078HMM3,3708,155.41,291.13,279.56,226,MDAQRALLDELMGAARNLTDEERRgfKEIKWDDREVCAFYMVRFCPHDLFVNTKSDLGACSRIHDPKLKESFENSPRHDSYVpkFEAELVQFCEKLVNDLDRKVRRGQERLAQELEPPPPPSLSGekAEQLSVLEEKIKNLLEQVEALGEEGKVDEAEALMRKVEGLNTEKAMLIQRPNDKVLAMVQEKKMALCDVCGSFLVSNDAVERTQSHVTGKQHVGYGMVR,Viridiplantae,L3-type
A0A078IZH6,3708,321.60,179.27,270.14,302,MDAMRKQLDVLMGANRNGDVTEVNRKYYDRDVCRLYLSGLCPHELFQLTKMDMGPCPKVHSLQLRKEYREAKAKGVDNYDRELEDAIDRLIVECDRKIGRALKRLQEedakaaiaisvtevtqspeiielskqikekmneadlhdlegktdlkiralelveemrtkradlqavllleafnkdrasLPQPIPAQQPAASLPPPDSRTQEMINEKLKKAEEFGEQGMVDEAQKALEEAEALKKLTPRQEPVVDSTKFTAADVRITDQKLRLCDICGAFLSIYDNDRRLADHFGGKLHLGYMLIR,Viridiplantae,L2-type
A0A078KKG5,5861,135.41,219.62,211.55,214,MEEMRSLLDSLMGKDRNEMSSKRNYSFKDENVCKYYLIDFCPHDLFPNTKSDIGRCKSIHAEILKEQLENDENYKYYLakYQQKFMRKLEDIVQMADIKIERSKEKLKQLSENPKNIDDKKEKIESINTHICDLLKQAEKAGEDGDIAKATSFNNQVTTLQAEIKRLNEEGVQSSDTNLKVCEICGAMKAAGDLIQRFENHMNGKQHIGFEKIR,Sar,Unclassified
A0A080WFF8,559305,237.49,171.90,213.20,224,AEQRKLLEQLMGADQLIggPSSGRNAQVAITDPKVCRSYLAGTCPHDLFTNTKQDLGPCPKLHSEGLKAEYDAASSHEKAKwgFEYDYLRDMQKYIDECNRRIDSAQRRLEKTPDEIRQTNHLLSQISDLNKTINAGLEETSVLGELGAVATAIDEFYKVRTAKHQKESLERDLKALADTSGPSGHQKLQVCDVCGAYLSRLDNDRRLADHFFGKMHLGYAKMR,Opisthokonta,L2-type
A0A081A1E7,1317066,216.96,197.46,219.51,217,MDAQRALLDSLMGLNRDGDRPDDDATMDFRHPRVCKPYLCGLCPRELFQNTRLDLGTCKSLHLPTLRLAYEEKKSTRDFGYERELANELSRLLADVEKKIARAQRRLAEDGDDEQAPAQILQLTQDIQDAAAQAEKAAKEGNADRSLSMMEKVEMLKQKRRELLRQSNPGTSNAVDNVNQKLRVCDVCGAFLSIFDSERRLADHFGGKVHVGYVQIR,Sar,Unclassified
A0A081CCP3,84753,246.86,177.03,220.41,218,VQRMMLEKLMGPEAMGTPTANLHFTDPKVCRNFLCGTCPHDLFANTKVDLGACPKAHTPKYKDEYRKALAAGQRFpeFEREHEHNIMAFINDIDRKINTNKRRLEQTPEELARFANMNREIAEIETALAAVMAEVEALGEQGQIEESLAELAKADALKEEKVQKEEELHKAQENSGASGHQKLRVCDVCGAYLSILDSDRRLADHFGGKMHLGYLRLR,Opisthokonta,Unclassified
A0A084AVX6,1280523,240.50,172.85,219.61,218,AEQRKLLEQLMGASSTSRAAQLSLDDPKVCRSYLVGTCPHDLFTNTKQDIGPCPKVHNENLKAEYEALPdrEKQRYGFDYDYMRDLQKYIDDCNRRIDAAQRRLEKTPDEIRQTNVLLKSIAELASTIENGLLEVEILGSMSEVARAQDELFRVRQAAQAKAEREKELKALSDTSGPSGHQKLQVCDVCGAYLSRLDNDRRLADHFYGKMHLGYAQMR,Opisthokonta,L2-type
A0A084FYB1,563466,234.26,171.41,216.26,218,AEQRKLLEQLMGGSSMSRAAQLSLNDPKVCRSYLVGTCPHDLFTNTKQDIGPCPRVHNEALKAEYEAlsDKEKQKYGFDYDYMRDLQKYIDACNQRIDAAQQHLKKTPDEIRQTNLLLKTISELTSSINNGLLEVEILGEIGEVHKAVDEMYRVHQARQAKAERERELKELSDTSGPSGHQKLQVCDVCGAYLSRLDNDRRLADHFYGKMHLGYAQMR,Opisthokonta,L2-type
A0A084QK64,1283841,239.87,170.45,217.98,218,AEQRKLLEQLMGASSTSRAAQLSLDDPKVCRSYLAGTCPHDLFTNTKQDIGPCPKVHNENLKAEYEALPdrEKQRYGFDYDYMRDLQKYIDDCNRRIDAAQRRLEKTPDEIRQTNVLLKSIAELASTIENGLLEVEILGSMSEVARAQDELFRVRQAAQAKAEREKELKALSDTSGPSGHQKLQVCDVCGAYLSRLDNDRRLADHFYGKMHLGYAQMR,Opisthokonta,L2-type
A0A084VUM0,74873,152.61,246.83,241.34,225,VARQLLDELMGRNRNLDPSASAKEVSWTDEEFCPYYLVKFCPHDLFVNTRADLGQCTKLHDDEAKKLYDDAKPCRKKNqYEEDFLRFCTNMINEVDRKIVKGKQRLLLMNsKTDGARPGVPKHQEHLNSLTERINKLVREAEEAGTRGDVEQAQGLMEQCDKLKEEKEALIKQHDSNgwSVTAEIAASQEKQMEVCEVCGAFLIVGDAQQRIDDHLTGKQHLGCV,Opisthokonta,L3-type
A0A084WBV4,74873,271.55,184.78,239.01,218,DQMRAMLDQLMGTARNGETNRYSVKFYDSKVCKSFLLGCCPHEILASTRMDLGECPKVHDLALRADYENASKNKDYYYDVDAMEHLQAFINDCDRRTEAAKKRLAETQEELTAEVAAKANAVHELAEEIGKKLAKAEALGEAGQVEESMKLMSEIEELRGKKTRAEHEYRSSIPASTYQQQKLRVCEVCSAYLGIHDNDIRLADHFGGKLHLGFLAIR,Opisthokonta,L2-type
A0A085LU93,68888,251.72,188.40,231.48,218,DQIRKMLDELMGTGRDGESRRDTVRYTDTRVCRTFLLGCCPFDVLANTRMDMGLCPKIHDPALKADYEKAAKDGKVNFDVDALDHLDRFFTDSDRKMEQAKKRLAETQEEMNVELTEKADKVLMLNEEIGKALAQAEKLGEEGKVEESLQLMGQVDELRKQKQEADLDYRNSMPASSYQQQKLRVCEVCSAYLGIHDNDRRLADHFGGKLHMGYAYLR,Opisthokonta,Unclassified
A0A085MKR2,68888,156.68,227.94,228.68,225,ELASLLDELMGRSRNALPTEAPKELRWSDPEVCKYFLVDYCPHELFTNTKADLGHCNKMHDERMREAYKKSSRYGKCGYEHDFYSFLRKLHNEMARKISRNRQRLELtqpggvltllvLQIANLSREKLEEKIQVLSEKVTALQAQAENLGVEGNVEEAQKIIAMADELAEERDHCQKSFETPPGELKVMEVCGICGCFLIVGDSQHRLDEHLVGKQHLGFAKIK,Opisthokonta,L3-type
A0A085NI90,68888,150.80,217.71,218.95,244,ELASLLDELMGRSRNALPTEAPKELRWSDPEVCKYFLVDYCPHELFTNTKADLGHCNKMHDERMREAYKKSSRYGKCGYEHDFYSFLRKLHNEMARKISRNRQRLELtqpggvvsahrfhfhrnvgmleflqltllvLQIANLSREKLEEKIQVLSEKVTALQAQAENLGVEGNVEEAQKIIAMADELAEERDHCQKSFETPPGELKVMEVCGICGCFLIVGDSQHRLDEHLVGKQHLGFAKIK,Opisthokonta,L3-type
A0A085NPT0,68888,251.72,188.40,231.48,218,DQIRKMLDELMGTGRDGESRRDTVRYTDTRVCRTFLLGCCPFDVLANTRMDMGLCPKIHDPALKADYEKAAKDGKVNFDVDALDHLDRFFTDSDRKMEQAKKRLAETQEEMNVELTEKADKVLMLNEEIGKALAQAEKLGEEGKVEESLQLMGQVDELRKQKQEADLDYRNSMPASSYQQQKLRVCEVCSAYLGIHDNDRRLADHFGGKLHMGYAYLR,Opisthokonta,L2-type
A0A086JEW1,1130820,33.69,57.32,57.51,68,AEKLNEEVALLQREVQRLKNPhADIATIRESQLRVCAVCGALQSAGDALCRYESHASGKQHRGFEKIR,Sar,Unclassified
A0A086JSF0,943119,146.81,152.24,171.06,217,EEMRAQLAALMESIKAQPTDFTDPEVCKYFLTGLCPHDLFENTesglyikgyRFSLGPCKKTHSEELRARYMEARKTRRYGYEELSIQIVKQLIEEAERKVEKGQMRSDEGHIAPPEHVRQRLMAEVKALDDDIDEKLRKVDVLTEQGDHDAAANLGEVVASLQVKRCKLLFKGAEGTPQKLRPCDVCGALLSVFDTDKRLDEHFQGRIHVGFQKLR,Sar,Unclassified
A0A086K2Q7,943167,33.69,57.32,57.51,68,AEKLNEEVALLQREVQRLKNPhADIATIRESQLRVCAVCGALQSAGDALCRYESHASGKQHRGFEKIR,Sar,Unclassified
A0A086KFP6,943119,33.69,57.32,57.51,68,AEKLNEEVALLQREVQRLKNPhADIATIRESQLRVCAVCGALQSAGDALCRYESHASGKQHRGFEKIR,Sar,Unclassified
A0A086KZ44,1130820,146.81,152.24,171.06,217,EEMRAQLAALMESIKAQPTDFTDPEVCKYFLTGLCPHDLFENTesglyikgyRFSLGPCKKTHSEELRARYMEARKTRRYGYEELSIQIVKQLIEEAERKVEKGQMRSDEGHIAPPEHVRQRLMAEVKALDDDIDEKLRKVDVLTEQGDHDAAANLGEVVASLQVKRCKLLFKGAEGTPQKLRPCDVCGALLSVFDTDKRLDEHFQGRIHVGFQKLR,Sar,Unclassified
A0A086L7L0,943167,146.81,152.24,171.06,217,EEMRAQLAALMESIKAQPTDFTDPEVCKYFLTGLCPHDLFENTesglyikgyRFSLGPCKKTHSEELRARYMEARKTRRYGYEELSIQIVKQLIEEAERKVEKGQMRSDEGHIAPPEHVRQRLMAEVKALDDDIDEKLRKVDVLTEQGDHDAAANLGEVVASLQVKRCKLLFKGAEGTPQKLRPCDVCGALLSVFDTDKRLDEHFQGRIHVGFQKLR,Sar,Unclassified
A0A086LML7,935652,33.69,57.32,57.51,68,AEKLNEEVALLQREVQRLKNPhADIATIRESQLRVCAVCGALQSAGDALCRYESHASGKQHRGFEKIR,Sar,Unclassified
A0A086M9G3,935652,146.81,152.24,171.06,217,EEMRAQLAALMESIKAQPTDFTDPEVCKYFLTGLCPHDLFENTesglyikgyRFSLGPCKKTHSEELRARYMEARKTRRYGYEELSIQIVKQLIEEAERKVEKGQMRSDEGHIAPPEHVRQRLMAEVKALDDDIDEKLRKVDVLTEQGDHDAAANLGEVVASLQVKRCKLLFKGAEGTPQKLRPCDVCGALLSVFDTDKRLDEHFQGRIHVGFQKLR,Sar,Unclassified
A0A086PGS0,933077,139.60,214.71,213.93,219,MDEMRAMLDSLMGRNRNECGRNKRGDSSFKDDEICKFFLLDYCPHELFPNTRSDLGPCPKEHRPDLKEAFEKDENHEYYKalYEQEFMKFLKRLVDQMESRIKKVQQRIDANNTVTELDKDTAEKVNAVNAQISELLKKQDEAGAKGEIDVAEKLNEEVALLQREVQRLKNPHADIATIRESQLRVCAVCGALQSAGDALCRYESHASGKQHRGFEKIR,Sar,Unclassified
A0A086Q522,943118,146.81,152.24,171.06,217,EEMRAQLAALMESIKAQPTDFTDPEVCKYFLTGLCPHDLFENTesglyikgyRFSLGPCKKTHSEELRARYMEARKTRRYGYEELSIQIVKQLIEEAERKVEKGQMRSDEGHIAPPEHVRQRLMAEVKALDDDIDEKLRKVDVLTEQGDHDAAANLGEVVASLQVKRCKLLFKGAEGTPQKLRPCDVCGALLSVFDTDKRLDEHFQGRIHVGFQKLR,Sar,Unclassified
A0A086Q6N8,943118,127.92,203.00,199.22,215,MLDSLMGRNRNECGRNKRGDSSFKDDEICKFFLLDYCPHELFPNTRSDLGPCPKEHRPDLKEAFEKDENHEYYKalYEQEFMKFLKRLVDQMESRIKKVQQRIDANNTVTELDKDTAEKVNAVNAQISELLKKQDEAGAKGEIDVAEKLNEEVALLQREVQRLKNPHADIATIRESQLRVSVCAVCGALQSAGDALCRYESHASGKQHRGFEKIR,Sar,Unclassified
A0A086QCM3,933077,146.81,152.24,171.06,217,EEMRAQLAALMESIKAQPTDFTDPEVCKYFLTGLCPHDLFENTesglyikgyRFSLGPCKKTHSEELRARYMEARKTRRYGYEELSIQIVKQLIEEAERKVEKGQMRSDEGHIAPPEHVRQRLMAEVKALDDDIDEKLRKVDVLTEQGDHDAAANLGEVVASLQVKRCKLLFKGAEGTPQKLRPCDVCGALLSVFDTDKRLDEHFQGRIHVGFQKLR,Sar,Unclassified
A0A086T9P5,857340,234.95,168.38,214.45,217,AEQRKLLEQLMGASTTSRAQLALTDPKVCRSYLVGTCPHDLFTNTRQDIGQCPRVHAEGLKTEYEALPEREKQRlgFEYDYVRDLQKYIDECNRRIDAAQRRLEKTPDEIRQTNVLLKSISECTSSINNGMLEVEILGTMGEVSRAQDELFRVRQATQAKAERERELKALSETSGPSGHQKLQVCDVCGAYLSRLDNDRRLADHFYGKMHLGYAQMR,Opisthokonta,L2-type
A0A087G7V4,50452,320.00,175.56,267.32,302,MDAMRKQLDCLMGANRNGDVTEVNRKYYDRDVCRLFLSGLCPHELFQLTKMDMGPCPKVHSLQLRKEYKEAKAKGVDNYDRELEDAIDRLIVECDRKIGRALKRLQEedakaaiaisvtevtqspeilelskqikekmkeadlhdlegktdlkiralelveemrtqradkqavllldafnkdrasLPQPVPAQPPAAALPPPDSRTQEMINEKLKKAEEFGEQGMVDEAQKALEEAEALKKLTARQEPVVDSVKYTAADVRITDQKLRLCDICGAFLSVYDSDRRLADHFGGKLHLGYMLIR,NA,L2-type
A0A087H6M2,50452,315.77,178.46,263.42,302,MDAIRKQLDVLMGANRNGDVQEVNRKYYDRDVCRLYLSGLCPHDLFQLTKMDMGPCPKVHSLQLRKEYREAKAKGVDNYDRELEDAIDRLIVECDRKIGRALKRLQEedakaaiaisvsevtqtpeilelsvqikekmkeadlhdlegkmdlkiralesveemrtkradlqavllleafnkdrasLPQPVPAQPPASALPPPDPRTQEMIIEKLKKAEDLGDQGLVDEAHKAMEEAEALKKLTVRREPVVDSTKYSAVDVRITDQKLRLCDICGAFLSVYDSDRRLADHFGGKLHLGYMLVR,NA,L2-type
A0A087QIE5,9233,237.46,163.12,211.32,200,ETRQRVKFTDDRVCKSHLLDCCPHDILAGTRMDLGECTKIHDLALRADYEIASKERDLFFELDAMDHLESFIAECDRRTELAKKRLAETQEEISAEVSAKAEKVHELNEDIGKLLAKAEQLGAEGNVDESQKILMEVEKVRAKKKEAEEEYRNSMPASSFQQQKLRVCEVCSAYLGLHDNDRRLADHFGGKLHLGFIQIR,Opisthokonta,L2-type
A0A087QLX0,9233,232.46,159.46,207.84,200,TTRQRIKFSDDRVCKSHLLNCCPHDVLSGTRMDLGECLKVHDLALRADYEIASKDQDFFFELDAMDHLQSFIADCDRRTEVAKKRLAETQEEISAEVAAKAERVHELNEEIGKLLAKVEQLGADGNVEESQKVMDEVEKARVKKREAEEVYRNSMPASSFQQQKLRVCEVCSAYLGLHDNDRRLADHFGGKLHLGFIEIR,Opisthokonta,L2-type
A0A087R2X8,9233,174.67,281.65,273.11,224,MISAAQLLDELMGRDRNLAPDEKRSNVRWDHESVCKYYLCGFCPAELFTNTRSDLGPCEKIHDENLRKQYEKSSRFMKVGYERDFLRYLQSLLAEVERRIRRGHARLAlsQNQQSSGGAGPTGKNEEKIQVLTDKIDVLLQQIEELGSEGKVEEAQGMMKLVEQLKEERELLRSTTSTIESFAAQEKQMEVCEVCGAFLIVGDAQSRVDDHLMGKQHMGYAKIK,Opisthokonta,L3-type
A0A087SLS9,3075,112.72,151.00,151.64,213,MDEMRAMLDQLMGEDRNLGATEKAkyKKRHHTDKDVCKFYLSGFCPYEEFRRTKNDCGDCPGIHDDGCRAQYEAEDDRTKERlgYEAELLRWLEKLLTDLRKRIDSNTVRLRAVENPLLLHEDQAKLDAMTAQMKELVARAERLGEEGEVDGAMEATNEAEKLKAQRAALEAAAEARAGNNALKNLHQEVCPVSGLIINNDETRLRDHHQGRN,Viridiplantae,Unclassified
A0A087T9W1,407821,162.37,274.44,261.41,228,SAKQLLDELMGRDRDLGLEEKKNDFTWDGPDICKHFLVKFCPNDLFVNTKADLGVCPKIHDERLKKEYEKSSRFQQMGYEEDFLRFCQSMLSDVDKRIRRARQRLALSSKEANVSQPTQVKnnDEKVNVLTERINGLLVQVENLGCEGKVEEAQGIMKLCEQLKEEREALRKasEANHWFQTAEIAAAQEKQMEVCEVCGAFLIVGDAQQRVDDHLMGKQHVGYARLK,Opisthokonta,L3-type
A0A087UT36,407821,234.07,185.95,221.18,219,DQMRRMLDELMGSSRNGEDSRKKTLHFSSHRVCKSFLLNCCPHEILAATRHDLGVCPKIHDVALRADFENSARKEQYTFHLEALKQLRNFVADSERRTQSAKIRLAETQEMLNAQEAARLEKIRQIDEEIHETLLEAEKLGAEGDVENSLKTMETVEALKQKKAAAEEEHWNVTPASITQQQKLRVCEVCSSYLGVHDNDKRLADHFNGKLHLGFITIR,Opisthokonta,L2-type
A0A087UV83,407821,277.49,183.69,238.99,218,EQMRAMLDQLMGTGRDGENNKFKVHFTDPRVCKSFLLACCPHDILAATRMDLGECPKLHDLALRADYENAAQKKDYFYDVDAMEHLQNFINECDRRTEQAKRRLAETQEELSAEVAAKLNKVHELAEQIGKKLAQAEKLGAEGNVEESMKTMEEVEEFRKQKALAEQEYRNSMPASSYQQQKLRVCEVCSAYLGIHDNDRRLADHFGGKLHLGFITIR,Opisthokonta,L2-type
A0A087VAB1,100784,156.28,247.45,240.04,191,VCKYYLCGFCPAELFTNTRSDLGPCEKIHDENLRKQYEKSSRFMKVGYERDFLRYLQSLLAEVERRIRRGHARLAlsQNQQSSGGAGPTGKNEEKIQVLTDKIDVLLQQIEELGSEGKVEEAQGMMKLVEQLKEERELLRSTTSTIESFAAQEKQMEVCEVCGAFLIVGDAQSRVDDHLMGKQHMGYAKIK,Opisthokonta,L3-type
A0A087VCX5,100784,237.46,163.12,211.32,200,ETRQRVKFTDDRVCKSHLLDCCPHDILAGTRMDLGECTKIHDLALRADYEIASKERDLFFELDAMDHLESFIAECDRRTELAKKRLAETQEEISAEVSAKAEKVHELNEDIGKLLAKAEQLGAEGNVDESQKILMEVEKVRAKKKEAEEEYRNSMPASSFQQQKLRVCEVCSAYLGLHDNDRRLADHFGGKLHLGFIQIR,Opisthokonta,L2-type
A0A087VR73,100784,232.46,159.46,207.84,200,TTRQRIKFSDDRVCKSHLLNCCPHDVLSGTRMDLGECLKVHDLALRADYEIASKDQDFFFELDAMDHLQSFIADCDRRTEVAKKRLAETQEEISAEVAAKAERVHELNEEIGKLLAKVEQLGADGNVEESQKVMDEVEKARVKKREAEEVYRNSMPASSFQQQKLRVCEVCSAYLGLHDNDRRLADHFGGKLHLGFIEIR,Opisthokonta,L2-type
A0A087W109,6211,162.58,254.66,249.86,219,ASQAALLDELLGKNRDAIDSDAMKGPHWSDEDMCRYFLCGFCPHDLFVNTKTDLGPCDKMHDERLRENYRKSNRFEKMGYEEEFYRYLCYLLEDVDKRIRRGHERLSVNKGAAPADPEAAAEkADKIASLTRRINDLVEQAEQLGTEGNVDQAQGVLKLCEQLKFERSQLEGDTRPGAGQSKELEVCEICGAFRIKDDAPQRVEEHLAGKMHLGYAKIR,Opisthokonta,L3-type
A0A087Y1R4,48698,177.24,277.11,270.37,223,LSAAQLLDELMGRDRNLAPDEKRSNVRWDDESVCRYYLCGFCPAELFTNTRSDLGPCEKIHDENLRKLYEKSSRFMKEGYEREFLRYLQSLLAEVERRIRRGHARLALsqAQQNAGGPGPSGKNEEKVKVLTEKIEDLVLQIEELGSEGRVEEAQGMMKLVEQLKEEREMLSSTPSTIESFAAQEKQMEVCEVCGAFLIVGDAQSRVDDHLMGKQHMGYAKIK,Opisthokonta,L3-type
A0A087Y374,48698,260.12,180.74,230.98,219,QAQMRAMLDQLMGTGRDGDTMRQRIKFTDDRVCKSHLLDSCPHDILSGTRMDLGECAKVHDLALRADYEIASKENEYFFELDAAEHLQSFIADCDRRTELAKKRLAETQDEISAEVAAKAERVHELNEEIGKLLAKAEQLGGEGNVDEAQQVLEKVEKTRALKKEAEDVYRNSMPASSFQQQKLRVCEVCSAYLGLHDNDRRLADHFGGKLHLGFIEIR,Opisthokonta,L2-type
A0A087YKP2,48698,265.32,186.12,235.85,219,QAQMRALLDQLMGTARDGDETRQRVKFTDERVCKSHLLNCCPHDILSGTRMDLGECTKIHDLALRADYEIASKERDLFFELDAVDHLETFIADCDRRTELAKKRLAETQEEISAEVAAKAEKVHELNEEIGKLLAKAEQLGAEGNVDEAQKVLQEVEKVRTRKKDAEEEYRNSMPASSFQQQKLRVCEVCSAYLGLHDNDRRLADHFGGKLHLGFIQIR,Opisthokonta,L2-type
A0A090MZA2,34506,149.33,219.04,218.35,225,EQMAAVLNELMGTRRNADIGTNISARFDDPEICKYFLVDYCPHDLFINTKSDLGPCSYIHDESLREQYRRSSRYCKLGYERSLYNTLSRLKEDMAKKIAKNKERLAITQSKDETKKYEQRSdiERKINKIKIEIEENQKQAESYGLQGEIEKAAEITTIVERLVEEKKTLEKRIEAMLAPTDEMGNKQKQMEVCEICSCFLVVGDAETRMEEHFQGKQHMGYAKI,Opisthokonta,Unclassified
A0A090XB09,34613,242.32,154.15,202.22,200,NNRYKVHFTDPRVCKSFLLACCPHDILASTRMDLGDCPKIHDLALRADFENASQKKDYFYDVDAMEHLQNFIGECDRRTEQSKRRLAETQEELSAEVTLKLNRVHELAENMGKKLAAAEAKGADGNVEESLKLLEEVEDIRRRKAEAEQDYRNSMPASSYQQQKLRVCDVCSAYLGIHDNDRRLADHFGGKLHLGFIAIR,Opisthokonta,L2-type
A0A091DRL6,885580,137.23,104.67,132.29,162,QIKFSDDRVCKSHLRNCCPHDVLSGSGMDLGECLKVHDLALRADYEIASKEQDFFFELDAMDHLQSFIADCDRRTEVARKRLAETQEEISAEVAAKAERVHELNEEIGKLLAKVEQLGAEGNVEESQKVMDEVEKAWAKKREAEEVYRNSMPASSFQQQKLE,Opisthokonta,L2-type
A0A091DWX1,885580,115.77,194.13,189.00,172,VKVGPCEKIHDENLRKQYEKSSRFMKVGYERDFLRYLQSLLAEVERRIRRGHARLAlsQNQQSSGAAGPTGKNEEKIQVLTDKIDVLLQQIEELGSEGKVEEAQGMMKLVEQLKEERELLRSTTSTIESFAAQEKQMEVCEVCGAFLIVGDAQSRVDDHLMGKQHMGYAKIK,Opisthokonta,L3-type
A0A091DWY9,885580,264.39,184.35,234.82,219,QAQMRALLDQLMGTARDGDETRQRVKFTDDRVCKSHLLDCCPHDILAGTRMDLGECTKIHDLALRADYEIASKERDLFFELDAMDHLESFIAECDRRTELAKKRLAETQEEISAEVSAKAEKVHELNEEIGKLLAKAEQLGAEGNVDESQKILMEVEKVRAKKKEAEEEYRNSMPASSFQQQKLRVCEVCSAYLGLHDNDRRLADHFGGKLHLGFIQIR,Opisthokonta,L2-type
A0A091E4W7,885580,235.66,161.76,211.12,202,RDTTRQRIKFSDDRVCKSHLLNCCPHDVLSGTRMDLGECLKVHDLALRADYEIASKEQDFFFELDAMDHLQSFIADCDRRTEVAKKRLAETQEEISAEVAAKAERVHELNEEIGKLLAKVEQLGAEGNVEESQKVMDEVEKARAKKREAEEVYRNSMPASSFQQQKLRVCEVCSAYLGLHDNDRRLADHFGGKLHLGFIEIR,Opisthokonta,L2-type
A0A091ETX6,85066,232.46,159.46,207.84,200,TTRQRIKFSDDRVCKSHLLNCCPHDVLSGTRMDLGECLKVHDLALRADYEIASKDQDFFFELDAMDHLQSFIADCDRRTEVAKKRLAETQEEISAEVAAKAERVHELNEEIGKLLAKVEQLGADGNVEESQKVMDEVEKARVKKREAEEVYRNSMPASSFQQQKLRVCEVCSAYLGLHDNDRRLADHFGGKLHLGFIEIR,Opisthokonta,L2-type
A0A091EYN1,85066,156.28,247.45,240.04,191,VCKYYLCGFCPAELFTNTRSDLGPCEKIHDENLRKQYEKSSRFMKVGYERDFLRYLQSLLAEVERRIRRGHARLAlsQNQQSSGGAGPTGKNEEKIQVLTDKIDVLLQQIEELGSEGKVEEAQGMMKLVEQLKEERELLRSTTSTIESFAAQEKQMEVCEVCGAFLIVGDAQSRVDDHLMGKQHMGYAKIK,Opisthokonta,L3-type
A0A091F355,85066,237.46,163.12,211.32,200,ETRQRVKFTDDRVCKSHLLDCCPHDILAGTRMDLGECTKIHDLALRADYEIASKERDLFFELDAMDHLESFIAECDRRTELAKKRLAETQEEISAEVSAKAEKVHELNEDIGKLLAKAEQLGAEGNVDESQKILMEVEKVRAKKKEAEEEYRNSMPASSFQQQKLRVCEVCSAYLGLHDNDRRLADHFGGKLHLGFIQIR,Opisthokonta,L2-type
A0A091FTQ7,55661,232.46,159.46,207.84,200,TTRQRIKFSDDRVCKSHLLNCCPHDVLSGTRMDLGECLKVHDLALRADYEIASKDQDFFFELDAMDHLQSFIADCDRRTEVAKKRLAETQEEISAEVAAKAERVHELNEEIGKLLAKVEQLGADGNVEESQKVMDEVEKARVKKREAEEVYRNSMPASSFQQQKLRVCEVCSAYLGLHDNDRRLADHFGGKLHLGFIEIR,Opisthokonta,L2-type
A0A091GAT3,55661,156.28,247.45,240.04,191,VCKYYLCGFCPAELFTNTRSDLGPCEKIHDENLRKQYEKSSRFMKVGYERDFLRYLQSLLAEVERRIRRGHARLAlsQNQQSSGGAGPTGKNEEKIQVLTDKIDVLLQQIEELGSEGKVEEAQGMMKLVEQLKEERELLRSTTSTIESFAAQEKQMEVCEVCGAFLIVGDAQSRVDDHLMGKQHMGYAKIK,Opisthokonta,L3-type
A0A091GLV7,55661,237.46,163.12,211.32,200,ETRQRVKFTDDRVCKSHLLDCCPHDILAGTRMDLGECTKIHDLALRADYEIASKERDLFFELDAMDHLESFIAECDRRTELAKKRLAETQEEISAEVSAKAEKVHELNEDIGKLLAKAEQLGAEGNVDESQKILMEVEKVRAKKKEAEEEYRNSMPASSFQQQKLRVCEVCSAYLGLHDNDRRLADHFGGKLHLGFIQIR,Opisthokonta,L2-type
A0A091GP44,175836,232.46,159.46,207.84,200,TTRQRIKFSDDRVCKSHLLNCCPHDVLSGTRMDLGECLKVHDLALRADYEIASKDQDFFFELDAMDHLQSFIADCDRRTEVAKKRLAETQEEISAEVAAKAERVHELNEEIGKLLAKVEQLGADGNVEESQKVMDEVEKARVKKREAEEVYRNSMPASSFQQQKLRVCEVCSAYLGLHDNDRRLADHFGGKLHLGFIEIR,Opisthokonta,L2-type
A0A091GR09,175836,156.28,247.45,240.04,191,VCKYYLCGFCPAELFTNTRSDLGPCEKIHDENLRKQYEKSSRFMKVGYERDFLRYLQSLLAEVERRIRRGHARLAlsQNQQSSGGAGPTGKNEEKIQVLTDKIDVLLQQIEELGSEGKVEEAQGMMKLVEQLKEERELLRSTTSTIESFAAQEKQMEVCEVCGAFLIVGDAQSRVDDHLMGKQHMGYAKIK,Opisthokonta,L3-type
A0A091HLR4,9244,231.69,159.38,207.63,200,TTRQRIKFNDDRVCKSHLLNCCPHDVLSGTRMDLGECLKVHDLALRADYEIASKDQDFFFELDAMDHLQSFIADCDRRTEVAKKRLAETQEEISAEVAAKAERVHELNEEIGKLLAKVEQLGADGNVEESQKVMDEVEKARVKKREAEEVYRNSMPASSFQQQKLRVCEVCSAYLGLHDNDRRLADHFGGKLHLGFIEIR,Opisthokonta,L2-type
A0A091I1Q3,9244,174.67,281.65,273.11,224,MISAAQLLDELMGRDRNLAPDEKRSNVRWDHESVCKYYLCGFCPAELFTNTRSDLGPCEKIHDENLRKQYEKSSRFMKVGYERDFLRYLQSLLAEVERRIRRGHARLAlsQNQQSSGGAGPTGKNEEKIQVLTDKIDVLLQQIEELGSEGKVEEAQGMMKLVEQLKEERELLRSTTSTIESFAAQEKQMEVCEVCGAFLIVGDAQSRVDDHLMGKQHMGYAKIK,Opisthokonta,L3-type
A0A091IVL0,188379,237.46,163.12,211.32,200,ETRQRVKFTDDRVCKSHLLDCCPHDILAGTRMDLGECTKIHDLALRADYEIASKERDLFFELDAMDHLESFIAECDRRTELAKKRLAETQEEISAEVSAKAEKVHELNEDIGKLLAKAEQLGAEGNVDESQKILMEVEKVRAKKKEAEEEYRNSMPASSFQQQKLRVCEVCSAYLGLHDNDRRLADHFGGKLHLGFIQIR,Opisthokonta,L2-type
A0A091J5M0,188379,156.28,247.45,240.04,191,VCKYYLCGFCPAELFTNTRSDLGPCEKIHDENLRKQYEKSSRFMKVGYERDFLRYLQSLLAEVERRIRRGHARLAlsQNQQSSGGAGPTGKNEEKIQVLTDKIDVLLQQIEELGSEGKVEEAQGMMKLVEQLKEERELLRSTTSTIESFAAQEKQMEVCEVCGAFLIVGDAQSRVDDHLMGKQHMGYAKIK,Opisthokonta,L3-type
A0A091J881,9244,237.46,163.12,211.32,200,ETRQRVKFTDDRVCKSHLLDCCPHDILAGTRMDLGECTKIHDLALRADYEIASKERDLFFELDAMDHLESFIAECDRRTELAKKRLAETQEEISAEVSAKAEKVHELNEDIGKLLAKAEQLGAEGNVDESQKILMEVEKVRAKKKEAEEEYRNSMPASSFQQQKLRVCEVCSAYLGLHDNDRRLADHFGGKLHLGFIQIR,Opisthokonta,L2-type
A0A091JEY5,188379,232.46,159.46,207.84,200,TTRQRIKFSDDRVCKSHLLNCCPHDVLSGTRMDLGECLKVHDLALRADYEIASKDQDFFFELDAMDHLQSFIADCDRRTEVAKKRLAETQEEISAEVAAKAERVHELNEEIGKLLAKVEQLGADGNVEESQKVMDEVEKARVKKREAEEVYRNSMPASSFQQQKLRVCEVCSAYLGLHDNDRRLADHFGGKLHLGFIEIR,Opisthokonta,L2-type
A0A091JVX5,57412,232.46,159.46,207.84,200,TTRQRIKFSDDRVCKSHLLNCCPHDVLSGTRMDLGECLKVHDLALRADYEIASKDQDFFFELDAMDHLQSFIADCDRRTEVAKKRLAETQEEISAEVAAKAERVHELNEEIGKLLAKVEQLGADGNVEESQKVMDEVEKARVKKREAEEVYRNSMPASSFQQQKLRVCEVCSAYLGLHDNDRRLADHFGGKLHLGFIEIR,Opisthokonta,L2-type
A0A091KRJ9,57412,237.46,163.12,211.32,200,ETRQRVKFTDDRVCKSHLLDCCPHDILAGTRMDLGECTKIHDLALRADYEIASKERDLFFELDAMDHLESFIAECDRRTELAKKRLAETQEEISAEVSAKAEKVHELNEDIGKLLAKAEQLGAEGNVDESQKILMEVEKVRAKKKEAEEEYRNSMPASSFQQQKLRVCEVCSAYLGLHDNDRRLADHFGGKLHLGFIQIR,Opisthokonta,L2-type
A0A091KX81,187382,232.46,159.46,207.84,200,TTRQRIKFSDDRVCKSHLLNCCPHDVLSGTRMDLGECLKVHDLALRADYEIASKDQDFFFELDAMDHLQSFIADCDRRTEVAKKRLAETQEEISAEVAAKAERVHELNEEIGKLLAKVEQLGADGNVEESQKVMDEVEKARVKKREAEEVYRNSMPASSFQQQKLRVCEVCSAYLGLHDNDRRLADHFGGKLHLGFIEIR,Opisthokonta,L2-type
A0A091L0P4,57412,156.28,247.45,240.04,191,VCKYYLCGFCPAELFTNTRSDLGPCEKIHDENLRKQYEKSSRFMKVGYERDFLRYLQSLLAEVERRIRRGHARLAlsQNQQSSGGAGPTGKNEEKIQVLTDKIDVLLQQIEELGSEGKVEEAQGMMKLVEQLKEERELLRSTTSTIESFAAQEKQMEVCEVCGAFLIVGDAQSRVDDHLMGKQHMGYAKIK,Opisthokonta,L3-type
A0A091L886,43455,160.66,250.70,243.24,199,SVSFFFSQVCKYYLCGFCPAELFTNTRSDLGPCEKIHDENLRKQYEKSSRFMKVGYERDFLRYLQSLLAEVERRIRRGHARLAlsQNQQSSGGAGPTGKNEEKIQVLTDKIDVLLQQIEELGSEGKVEEAQGMMKLVEQLKEERELLRSTTSTIESFAAQEKQMEVCEVCGAFLIVGDAQSRVDDHLMGKQHMGYAKIK,Opisthokonta,L3-type
A0A091LMB3,54380,237.46,163.12,211.32,200,ETRQRVKFTDDRVCKSHLLDCCPHDILAGTRMDLGECTKIHDLALRADYEIASKERDLFFELDAMDHLESFIAECDRRTELAKKRLAETQEEISAEVSAKAEKVHELNEDIGKLLAKAEQLGAEGNVDESQKILMEVEKVRAKKKEAEEEYRNSMPASSFQQQKLRVCEVCSAYLGLHDNDRRLADHFGGKLHLGFIQIR,Opisthokonta,L2-type
A0A091LRK2,54380,232.46,159.46,207.84,200,TTRQRIKFSDDRVCKSHLLNCCPHDVLSGTRMDLGECLKVHDLALRADYEIASKDQDFFFELDAMDHLQSFIADCDRRTEVAKKRLAETQEEISAEVAAKAERVHELNEEIGKLLAKVEQLGADGNVEESQKVMDEVEKARVKKREAEEVYRNSMPASSFQQQKLRVCEVCSAYLGLHDNDRRLADHFGGKLHLGFIEIR,Opisthokonta,L2-type
A0A091MB47,54380,156.28,247.45,240.04,191,VCKYYLCGFCPAELFTNTRSDLGPCEKIHDENLRKQYEKSSRFMKVGYERDFLRYLQSLLAEVERRIRRGHARLAlsQNQQSSGGAGPTGKNEEKIQVLTDKIDVLLQQIEELGSEGKVEEAQGMMKLVEQLKEERELLRSTTSTIESFAAQEKQMEVCEVCGAFLIVGDAQSRVDDHLMGKQHMGYAKIK,Opisthokonta,L3-type
A0A091MST2,57068,156.28,247.45,240.04,191,VCKYYLCGFCPAELFTNTRSDLGPCEKIHDENLRKQYEKSSRFMKVGYERDFLRYLQSLLAEVERRIRRGHARLAlsQNQQSSGGAGPTGKNEEKIQVLTDKIDVLLQQIEELGSEGKVEEAQGMMKLVEQLKEERELLRSTTSTIESFAAQEKQMEVCEVCGAFLIVGDAQSRVDDHLMGKQHMGYAKIK,Opisthokonta,L3-type
A0A091N378,57068,237.46,163.12,211.32,200,ETRQRVKFTDDRVCKSHLLDCCPHDILAGTRMDLGECTKIHDLALRADYEIASKERDLFFELDAMDHLESFIAECDRRTELAKKRLAETQEEISAEVSAKAEKVHELNEDIGKLLAKAEQLGAEGNVDESQKILMEVEKVRAKKKEAEEEYRNSMPASSFQQQKLRVCEVCSAYLGLHDNDRRLADHFGGKLHLGFIQIR,Opisthokonta,L2-type
A0A091NBH9,57397,89.36,41.81,63.51,50,YRNSMPASSFQQQKLRVCEVCSAYLGLHDNDRRLADHFGGKLHLGFIEIR,Opisthokonta,L2-type
A0A091NEV5,57397,156.28,247.45,240.04,191,VCKYYLCGFCPAELFTNTRSDLGPCEKIHDENLRKQYEKSSRFMKVGYERDFLRYLQSLLAEVERRIRRGHARLAlsQNQQSSGGAGPTGKNEEKIQVLTDKIDVLLQQIEELGSEGKVEEAQGMMKLVEQLKEERELLRSTTSTIESFAAQEKQMEVCEVCGAFLIVGDAQSRVDDHLMGKQHMGYAKIK,Opisthokonta,L3-type
A0A091P5Q5,8969,232.46,159.46,207.84,200,TTRQRIKFSDDRVCKSHLLNCCPHDVLSGTRMDLGECLKVHDLALRADYEIASKDQDFFFELDAMDHLQSFIADCDRRTEVAKKRLAETQEEISAEVAAKAERVHELNEEIGKLLAKVEQLGADGNVEESQKVMDEVEKARVKKREAEEVYRNSMPASSFQQQKLRVCEVCSAYLGLHDNDRRLADHFGGKLHLGFIEIR,Opisthokonta,L2-type
A0A091Q868,188344,232.46,159.46,207.84,200,TTRQRIKFSDDRVCKSHLLNCCPHDVLSGTRMDLGECLKVHDLALRADYEIASKDQDFFFELDAMDHLQSFIADCDRRTEVAKKRLAETQEEISAEVAAKAERVHELNEEIGKLLAKVEQLGADGNVEESQKVMDEVEKARVKKREAEEVYRNSMPASSFQQQKLRVCEVCSAYLGLHDNDRRLADHFGGKLHLGFIEIR,Opisthokonta,L2-type
A0A091Q978,188344,237.46,163.12,211.32,200,ETRQRVKFTDDRVCKSHLLDCCPHDILAGTRMDLGECTKIHDLALRADYEIASKERDLFFELDAMDHLESFIAECDRRTELAKKRLAETQEEISAEVSAKAEKVHELNEDIGKLLAKAEQLGAEGNVDESQKILMEVEKVRAKKKEAEEEYRNSMPASSFQQQKLRVCEVCSAYLGLHDNDRRLADHFGGKLHLGFIQIR,Opisthokonta,L2-type
A0A091QA12,188344,156.28,247.45,240.04,191,VCKYYLCGFCPAELFTNTRSDLGPCEKIHDENLRKQYEKSSRFMKVGYERDFLRYLQSLLAEVERRIRRGHARLAlsQNQQSSGGAGPTGKNEEKIQVLTDKIDVLLQQIEELGSEGKVEEAQGMMKLVEQLKEERELLRSTTSTIESFAAQEKQMEVCEVCGAFLIVGDAQSRVDDHLMGKQHMGYAKIK,Opisthokonta,L3-type
A0A091QQ80,54374,89.86,42.39,63.93,49,RNSMPASSFQQQKLRVCEVCSAYLGLHDNDRRLADHFGGKLHLGFIQIR,Opisthokonta,L2-type
A0A091QTM3,57421,156.33,247.33,239.65,191,VCKYYLCGFCPAELFTNTRSDLGPCEKIHDENLRKQYEKSSRFMKVGYERDFLRYLQNLLAEVERRIRRGHARLAlsQNQQSSGGAGPAGKNEEKIQVLTDKIDVLLQQIEELGSEGKVEEAQGMMKLVEQLKEERELLRSTTSTIESFAAQEKQMEVCEVCGAFLIVGDAQSRVDDHLMGKQHMGYAKIK,Opisthokonta,L3-type
A0A091RKV9,54374,232.46,159.46,207.84,200,TTRQRIKFSDDRVCKSHLLNCCPHDVLSGTRMDLGECLKVHDLALRADYEIASKDQDFFFELDAMDHLQSFIADCDRRTEVAKKRLAETQEEISAEVAAKAERVHELNEEIGKLLAKVEQLGADGNVEESQKVMDEVEKARVKKREAEEVYRNSMPASSFQQQKLRVCEVCSAYLGLHDNDRRLADHFGGKLHLGFIEIR,Opisthokonta,L2-type
A0A091RP10,54374,156.28,247.45,240.04,191,VCKYYLCGFCPAELFTNTRSDLGPCEKIHDENLRKQYEKSSRFMKVGYERDFLRYLQSLLAEVERRIRRGHARLAlsQNQQSSGGAGPTGKNEEKIQVLTDKIDVLLQQIEELGSEGKVEEAQGMMKLVEQLKEERELLRSTTSTIESFAAQEKQMEVCEVCGAFLIVGDAQSRVDDHLMGKQHMGYAKIK,Opisthokonta,L3-type
A0A091RXK3,176057,237.46,163.12,211.32,200,ETRQRVKFTDDRVCKSHLLDCCPHDILAGTRMDLGECTKIHDLALRADYEIASKERDLFFELDAMDHLESFIAECDRRTELAKKRLAETQEEISAEVSAKAEKVHELNEDIGKLLAKAEQLGAEGNVDESQKILMEVEKVRAKKKEAEEEYRNSMPASSFQQQKLRVCEVCSAYLGLHDNDRRLADHFGGKLHLGFIQIR,Opisthokonta,L2-type
A0A091S460,176057,156.28,247.45,240.04,191,VCKYYLCGFCPAELFTNTRSDLGPCEKIHDENLRKQYEKSSRFMKVGYERDFLRYLQSLLAEVERRIRRGHARLAlsQNQQSSGGAGPTGKNEEKIQVLTDKIDVLLQQIEELGSEGKVEEAQGMMKLVEQLKEERELLRSTTSTIESFAAQEKQMEVCEVCGAFLIVGDAQSRVDDHLMGKQHMGYAKIK,Opisthokonta,L3-type
A0A091SLX1,36300,237.46,163.12,211.32,200,ETRQRVKFTDDRVCKSHLLDCCPHDILAGTRMDLGECTKIHDLALRADYEIASKERDLFFELDAMDHLESFIAECDRRTELAKKRLAETQEEISAEVSAKAEKVHELNEDIGKLLAKAEQLGAEGNVDESQKILMEVEKVRAKKKEAEEEYRNSMPASSFQQQKLRVCEVCSAYLGLHDNDRRLADHFGGKLHLGFIQIR,Opisthokonta,L2-type
A0A091T9T7,97097,232.46,159.46,207.84,200,TTRQRIKFSDDRVCKSHLLNCCPHDVLSGTRMDLGECLKVHDLALRADYEIASKDQDFFFELDAMDHLQSFIADCDRRTEVAKKRLAETQEEISAEVAAKAERVHELNEEIGKLLAKVEQLGADGNVEESQKVMDEVEKARVKKREAEEVYRNSMPASSFQQQKLRVCEVCSAYLGLHDNDRRLADHFGGKLHLGFIEIR,Opisthokonta,L2-type
A0A091TD01,97097,156.28,247.45,240.04,191,VCKYYLCGFCPAELFTNTRSDLGPCEKIHDENLRKQYEKSSRFMKVGYERDFLRYLQSLLAEVERRIRRGHARLAlsQNQQSSGGAGPTGKNEEKIQVLTDKIDVLLQQIEELGSEGKVEEAQGMMKLVEQLKEERELLRSTTSTIESFAAQEKQMEVCEVCGAFLIVGDAQSRVDDHLMGKQHMGYAKIK,Opisthokonta,L3-type
A0A091TKC9,97097,237.46,163.12,211.32,200,ETRQRVKFTDDRVCKSHLLDCCPHDILAGTRMDLGECTKIHDLALRADYEIASKERDLFFELDAMDHLESFIAECDRRTELAKKRLAETQEEISAEVSAKAEKVHELNEDIGKLLAKAEQLGAEGNVDESQKILMEVEKVRAKKKEAEEEYRNSMPASSFQQQKLRVCEVCSAYLGLHDNDRRLADHFGGKLHLGFIQIR,Opisthokonta,L2-type
A0A091UJM4,9218,156.28,247.45,240.04,191,VCKYYLCGFCPAELFTNTRSDLGPCEKIHDENLRKQYEKSSRFMKVGYERDFLRYLQSLLAEVERRIRRGHARLAlsQNQQSSGGAGPTGKNEEKIQVLTDKIDVLLQQIEELGSEGKVEEAQGMMKLVEQLKEERELLRSTTSTIESFAAQEKQMEVCEVCGAFLIVGDAQSRVDDHLMGKQHMGYAKIK,Opisthokonta,L3-type
A0A091URY3,128390,237.46,163.12,211.32,200,ETRQRVKFTDDRVCKSHLLDCCPHDILAGTRMDLGECTKIHDLALRADYEIASKERDLFFELDAMDHLESFIAECDRRTELAKKRLAETQEEISAEVSAKAEKVHELNEDIGKLLAKAEQLGAEGNVDESQKILMEVEKVRAKKKEAEEEYRNSMPASSFQQQKLRVCEVCSAYLGLHDNDRRLADHFGGKLHLGFIQIR,Opisthokonta,L2-type
A0A091VZ09,128390,174.67,281.65,273.11,224,MISAAQLLDELMGRDRNLAPDEKRSNVRWDHESVCKYYLCGFCPAELFTNTRSDLGPCEKIHDENLRKQYEKSSRFMKVGYERDFLRYLQSLLAEVERRIRRGHARLAlsQNQQSSGGAGPTGKNEEKIQVLTDKIDVLLQQIEELGSEGKVEEAQGMMKLVEQLKEERELLRSTTSTIESFAAQEKQMEVCEVCGAFLIVGDAQSRVDDHLMGKQHMGYAKIK,Opisthokonta,L3-type
A0A091W000,128390,232.46,159.46,207.84,200,TTRQRIKFSDDRVCKSHLLNCCPHDVLSGTRMDLGECLKVHDLALRADYEIASKDQDFFFELDAMDHLQSFIADCDRRTEVAKKRLAETQEEISAEVAAKAERVHELNEEIGKLLAKVEQLGADGNVEESQKVMDEVEKARVKKREAEEVYRNSMPASSFQQQKLRVCEVCSAYLGLHDNDRRLADHFGGKLHLGFIEIR,Opisthokonta,L2-type
A0A091W606,30419,232.56,159.37,207.80,200,TTRQRIKFSDDRVCKSHLLNCCPHDVLSGTRMDLGECLKVHDLALRADYEIASKDQDFFFELDAMDHLQSFIADCDRRTEVAKKRLAETQEEISAEVAAKAERVHELNEEIGKLLAKVEQLGADGNVEESQKVMDEVEKARVKKREAEEIYRNSMPASSFQQQKLRVCEVCSAYLGLHDNDRRLADHFGGKLHLGFIEIR,Opisthokonta,L2-type
A0A091W8Q7,30419,237.46,163.12,211.32,200,ETRQRVKFTDDRVCKSHLLDCCPHDILAGTRMDLGECTKIHDLALRADYEIASKERDLFFELDAMDHLESFIAECDRRTELAKKRLAETQEEISAEVSAKAEKVHELNEDIGKLLAKAEQLGAEGNVDESQKILMEVEKVRAKKKEAEEEYRNSMPASSFQQQKLRVCEVCSAYLGLHDNDRRLADHFGGKLHLGFIQIR,Opisthokonta,L2-type
A0A091WKP7,30419,156.28,247.45,240.04,191,VCKYYLCGFCPAELFTNTRSDLGPCEKIHDENLRKQYEKSSRFMKVGYERDFLRYLQSLLAEVERRIRRGHARLAlsQNQQSSGGAGPTGKNEEKIQVLTDKIDVLLQQIEELGSEGKVEEAQGMMKLVEQLKEERELLRSTTSTIESFAAQEKQMEVCEVCGAFLIVGDAQSRVDDHLMGKQHMGYAKIK,Opisthokonta,L3-type
A0A093BFB2,8897,232.46,159.46,207.84,200,TTRQRIKFSDDRVCKSHLLNCCPHDVLSGTRMDLGECLKVHDLALRADYEIASKDQDFFFELDAMDHLQSFIADCDRRTEVAKKRLAETQEEISAEVAAKAERVHELNEEIGKLLAKVEQLGADGNVEESQKVMDEVEKARVKKREAEEVYRNSMPASSFQQQKLRVCEVCSAYLGLHDNDRRLADHFGGKLHLGFIEIR,Opisthokonta,L2-type
A0A093BVN2,121530,237.46,163.12,211.32,200,ETRQRVKFTDDRVCKSHLLDCCPHDILAGTRMDLGECTKIHDLALRADYEIASKERDLFFELDAMDHLESFIAECDRRTELAKKRLAETQEEISAEVSAKAEKVHELNEDIGKLLAKAEQLGAEGNVDESQKILMEVEKVRAKKKEAEEEYRNSMPASSFQQQKLRVCEVCSAYLGLHDNDRRLADHFGGKLHLGFIQIR,Opisthokonta,L2-type
A0A093CJ07,121530,156.28,247.45,240.04,191,VCKYYLCGFCPAELFTNTRSDLGPCEKIHDENLRKQYEKSSRFMKVGYERDFLRYLQSLLAEVERRIRRGHARLAlsQNQQSSGGAGPTGKNEEKIQVLTDKIDVLLQQIEELGSEGKVEEAQGMMKLVEQLKEERELLRSTTSTIESFAAQEKQMEVCEVCGAFLIVGDAQSRVDDHLMGKQHMGYAKIK,Opisthokonta,L3-type
A0A093CMR1,121530,188.56,126.33,167.66,170,RMDLGECLKVHDLALRADYEIASKDQDFFFELDAMDHLQSFIADCDRRTEVAKKRLAETQEEISAEVAAKAERVHELNEEIGKLLAKVEQLGADGNVEESQKVMDEVEKARVKKREAEEVYRNSMPASSFQQQKLRVCEVCSAYLGLHDNDRRLADHFGGKLHLGFIEIR,Opisthokonta,L2-type
A0A093EMS3,56313,232.46,159.46,207.84,200,TTRQRIKFSDDRVCKSHLLNCCPHDVLSGTRMDLGECLKVHDLALRADYEIASKDQDFFFELDAMDHLQSFIADCDRRTEVAKKRLAETQEEISAEVAAKAERVHELNEEIGKLLAKVEQLGADGNVEESQKVMDEVEKARVKKREAEEVYRNSMPASSFQQQKLRVCEVCSAYLGLHDNDRRLADHFGGKLHLGFIEIR,Opisthokonta,L2-type
A0A093F993,56313,237.46,163.12,211.32,200,ETRQRVKFTDDRVCKSHLLDCCPHDILAGTRMDLGECTKIHDLALRADYEIASKERDLFFELDAMDHLESFIAECDRRTELAKKRLAETQEEISAEVSAKAEKVHELNEDIGKLLAKAEQLGAEGNVDESQKILMEVEKVRAKKKEAEEEYRNSMPASSFQQQKLRVCEVCSAYLGLHDNDRRLADHFGGKLHLGFIQIR,Opisthokonta,L2-type
A0A093FRA8,37040,232.46,159.46,207.84,200,TTRQRIKFSDDRVCKSHLLNCCPHDVLSGTRMDLGECLKVHDLALRADYEIASKDQDFFFELDAMDHLQSFIADCDRRTEVAKKRLAETQEEISAEVAAKAERVHELNEEIGKLLAKVEQLGADGNVEESQKVMDEVEKARVKKREAEEVYRNSMPASSFQQQKLRVCEVCSAYLGLHDNDRRLADHFGGKLHLGFIEIR,Opisthokonta,L2-type
A0A093G3G4,118200,156.28,247.45,240.04,191,VCKYYLCGFCPAELFTNTRSDLGPCEKIHDENLRKQYEKSSRFMKVGYERDFLRYLQSLLAEVERRIRRGHARLAlsQNQQSSGGAGPTGKNEEKIQVLTDKIDVLLQQIEELGSEGKVEEAQGMMKLVEQLKEERELLRSTTSTIESFAAQEKQMEVCEVCGAFLIVGDAQSRVDDHLMGKQHMGYAKIK,Opisthokonta,L3-type
A0A093GPC8,118200,232.46,159.46,207.84,200,TTRQRIKFSDDRVCKSHLLNCCPHDVLSGTRMDLGECLKVHDLALRADYEIASKDQDFFFELDAMDHLQSFIADCDRRTEVAKKRLAETQEEISAEVAAKAERVHELNEEIGKLLAKVEQLGADGNVEESQKVMDEVEKARVKKREAEEVYRNSMPASSFQQQKLRVCEVCSAYLGLHDNDRRLADHFGGKLHLGFIEIR,Opisthokonta,L2-type
A0A093H4I6,118200,237.46,163.12,211.32,200,ETRQRVKFTDDRVCKSHLLDCCPHDILAGTRMDLGECTKIHDLALRADYEIASKERDLFFELDAMDHLESFIAECDRRTELAKKRLAETQEEISAEVSAKAEKVHELNEDIGKLLAKAEQLGAEGNVDESQKILMEVEKVRAKKKEAEEEYRNSMPASSFQQQKLRVCEVCSAYLGLHDNDRRLADHFGGKLHLGFIQIR,Opisthokonta,L2-type
A0A093HNW5,441894,237.46,163.12,211.32,200,ETRQRVKFTDDRVCKSHLLDCCPHDILAGTRMDLGECTKIHDLALRADYEIASKERDLFFELDAMDHLESFIAECDRRTELAKKRLAETQEEISAEVSAKAEKVHELNEDIGKLLAKAEQLGAEGNVDESQKILMEVEKVRAKKKEAEEEYRNSMPASSFQQQKLRVCEVCSAYLGLHDNDRRLADHFGGKLHLGFIQIR,Opisthokonta,L2-type
A0A093HWR9,441894,156.02,247.87,240.87,191,VCKYYLCGFCPAELFTNTRSDLGPCEKIHDENLRKQYEKSSRFMKVGYERDFLRYLQSLLAEVERRIRRGHARLAlsQNQQSSGAAGPTGKNEEKIQVLTDKIDVLLQQIEELGSEGKVEEAQGMMKLVEQLKEERELLRSTTSTIESFAAQEKQMEVCEVCGAFLIVGDAQSRVDDHLMGKQHMGYAKIK,Opisthokonta,L3-type
A0A093IHX7,54383,156.28,247.45,240.04,191,VCKYYLCGFCPAELFTNTRSDLGPCEKIHDENLRKQYEKSSRFMKVGYERDFLRYLQSLLAEVERRIRRGHARLAlsQNQQSSGGAGPTGKNEEKIQVLTDKIDVLLQQIEELGSEGKVEEAQGMMKLVEQLKEERELLRSTTSTIESFAAQEKQMEVCEVCGAFLIVGDAQSRVDDHLMGKQHMGYAKIK,Opisthokonta,L3-type
A0A093IN14,54383,232.46,159.46,207.84,200,TTRQRIKFSDDRVCKSHLLNCCPHDVLSGTRMDLGECLKVHDLALRADYEIASKDQDFFFELDAMDHLQSFIADCDRRTEVAKKRLAETQEEISAEVAAKAERVHELNEEIGKLLAKVEQLGADGNVEESQKVMDEVEKARVKKREAEEVYRNSMPASSFQQQKLRVCEVCSAYLGLHDNDRRLADHFGGKLHLGFIEIR,Opisthokonta,L2-type
A0A093J998,30455,156.28,247.45,240.04,191,VCKYYLCGFCPAELFTNTRSDLGPCEKIHDENLRKQYEKSSRFMKVGYERDFLRYLQSLLAEVERRIRRGHARLAlsQNQQSSGGAGPTGKNEEKIQVLTDKIDVLLQQIEELGSEGKVEEAQGMMKLVEQLKEERELLRSTTSTIESFAAQEKQMEVCEVCGAFLIVGDAQSRVDDHLMGKQHMGYAKIK,Opisthokonta,L3-type
A0A093JA48,441894,232.46,159.46,207.84,200,TTRQRIKFSDDRVCKSHLLNCCPHDVLSGTRMDLGECLKVHDLALRADYEIASKDQDFFFELDAMDHLQSFIADCDRRTEVAKKRLAETQEEISAEVAAKAERVHELNEEIGKLLAKVEQLGADGNVEESQKVMDEVEKARVKKREAEEVYRNSMPASSFQQQKLRVCEVCSAYLGLHDNDRRLADHFGGKLHLGFIEIR,Opisthokonta,L2-type
A0A093JG80,54383,237.46,163.12,211.32,200,ETRQRVKFTDDRVCKSHLLDCCPHDILAGTRMDLGECTKIHDLALRADYEIASKERDLFFELDAMDHLESFIAECDRRTELAKKRLAETQEEISAEVSAKAEKVHELNEDIGKLLAKAEQLGAEGNVDESQKILMEVEKVRAKKKEAEEEYRNSMPASSFQQQKLRVCEVCSAYLGLHDNDRRLADHFGGKLHLGFIQIR,Opisthokonta,L2-type
A0A093NRY2,9238,156.28,247.45,240.04,191,VCKYYLCGFCPAELFTNTRSDLGPCEKIHDENLRKQYEKSSRFMKVGYERDFLRYLQSLLAEVERRIRRGHARLAlsQNQQSSGGAGPTGKNEEKIQVLTDKIDVLLQQIEELGSEGKVEEAQGMMKLVEQLKEERELLRSTTSTIESFAAQEKQMEVCEVCGAFLIVGDAQSRVDDHLMGKQHMGYAKIK,Opisthokonta,L3-type
A0A093P5M2,9238,237.46,163.12,211.32,200,ETRQRVKFTDDRVCKSHLLDCCPHDILAGTRMDLGECTKIHDLALRADYEIASKERDLFFELDAMDHLESFIAECDRRTELAKKRLAETQEEISAEVSAKAEKVHELNEDIGKLLAKAEQLGAEGNVDESQKILMEVEKVRAKKKEAEEEYRNSMPASSFQQQKLRVCEVCSAYLGLHDNDRRLADHFGGKLHLGFIQIR,Opisthokonta,L2-type
A0A093PFU3,328815,237.46,163.12,211.32,200,ETRQRVKFTDDRVCKSHLLDCCPHDILAGTRMDLGECTKIHDLALRADYEIASKERDLFFELDAMDHLESFIAECDRRTELAKKRLAETQEEISAEVSAKAEKVHELNEDIGKLLAKAEQLGAEGNVDESQKILMEVEKVRAKKKEAEEEYRNSMPASSFQQQKLRVCEVCSAYLGLHDNDRRLADHFGGKLHLGFIQIR,Opisthokonta,L2-type
A0A093QFC4,328815,232.46,159.46,207.84,200,TTRQRIKFSDDRVCKSHLLNCCPHDVLSGTRMDLGECLKVHDLALRADYEIASKDQDFFFELDAMDHLQSFIADCDRRTEVAKKRLAETQEEISAEVAAKAERVHELNEEIGKLLAKVEQLGADGNVEESQKVMDEVEKARVKKREAEEVYRNSMPASSFQQQKLRVCEVCSAYLGLHDNDRRLADHFGGKLHLGFIEIR,Opisthokonta,L2-type
A0A093QUM3,9209,156.28,247.45,240.04,191,VCKYYLCGFCPAELFTNTRSDLGPCEKIHDENLRKQYEKSSRFMKVGYERDFLRYLQSLLAEVERRIRRGHARLAlsQNQQSSGGAGPTGKNEEKIQVLTDKIDVLLQQIEELGSEGKVEEAQGMMKLVEQLKEERELLRSTTSTIESFAAQEKQMEVCEVCGAFLIVGDAQSRVDDHLMGKQHMGYAKIK,Opisthokonta,L3-type
A0A093R836,9209,232.46,159.46,207.84,200,TTRQRIKFSDDRVCKSHLLNCCPHDVLSGTRMDLGECLKVHDLALRADYEIASKDQDFFFELDAMDHLQSFIADCDRRTEVAKKRLAETQEEISAEVAAKAERVHELNEEIGKLLAKVEQLGADGNVEESQKVMDEVEKARVKKREAEEVYRNSMPASSFQQQKLRVCEVCSAYLGLHDNDRRLADHFGGKLHLGFIEIR,Opisthokonta,L2-type
A0A093SLG0,328815,156.28,247.45,240.04,191,VCKYYLCGFCPAELFTNTRSDLGPCEKIHDENLRKQYEKSSRFMKVGYERDFLRYLQSLLAEVERRIRRGHARLAlsQNQQSSGGAGPTGKNEEKIQVLTDKIDVLLQQIEELGSEGKVEEAQGMMKLVEQLKEERELLRSTTSTIESFAAQEKQMEVCEVCGAFLIVGDAQSRVDDHLMGKQHMGYAKIK,Opisthokonta,L3-type
A0A093VL65,1077442,237.87,168.89,214.28,224,AEQRKLLEQLMGADQLMGTGAASrnAQLTITDPKVCRSYLAGTCPHDQFTNTKQDLGPCPKLHSEGLKAEYEATSASDKAKwgFEYDYMRDMQKYIDECDRRIDSAQRRLEKTPDEIRQTNNLLKQISELTKTINSGLLEVSVLGEMGSVSLAMSELFKVRSAKHQKEVYERDLRNLSDTSGPSGHQKLQVCDVCGAYLSRLDNDRRLADHFYGKMHMGYSDMR,Opisthokonta,L2-type
A0A093XG96,1391699,235.64,167.20,215.24,214,AEQRKLLEQLMGASASTRSAQLSITDPKLCRSYLVGTCPHDLFTNTKQDLGPCPKVHSEPLKEEYLAAPSKYSFEFDYLRDLQKYIDDCNRRIDTAQRRLEKTPDEIRQTNALLKQISDLAASIQTGLLEIEVLGSSGMVSRALDEHVRIRAALLTKSEHEAKLKALSDTSGPSGHQKLQVCDVCGAYLSRLDNDRRLADHFYGKMHLGYAQMR,Opisthokonta,Unclassified
A0A093YLC6,1420902,235.06,167.31,215.07,214,AEQRKLLEQLMGASSSTRSAQLSITDPKLCRSYLVGTCPHDLFTNTKQDLGPCPKVHSEPLKEEYLAAPSKYSFEFDYLRDLQKYIDDCNRRIDTAQRRLEKTPDEIRQTNALLKQISDLAASIQTGLLEIEVLGSSGMVSRALDEHVRIRAALLTKSEHEAKLKALSDTSGPSGHQKLQVCDVCGAYLSRLDNDRRLADHFYGKMHLGYAQMR,Opisthokonta,L2-type
A0A094ASD6,1437433,235.64,167.20,215.24,214,AEQRKLLEQLMGASASTRSAQLSITDPKLCRSYLVGTCPHDLFTNTKQDLGPCPKVHSEPLKEEYLAAPSKYSFEFDYLRDLQKYIDDCNRRIDTAQRRLEKTPDEIRQTNALLKQISDLAASIQTGLLEIEVLGSSGMVSRALDEHVRIRAALLTKSEHEAKLKALSDTSGPSGHQKLQVCDVCGAYLSRLDNDRRLADHFYGKMHLGYAQMR,Opisthokonta,Unclassified
A0A094AUP9,1420906,232.95,166.35,212.86,214,AEQRKLLEQLMGASSSTRSAQLSITDPKLCRSYLVGTCPHDLFTNTKQDLGPCPKVHSEPLKEEYLAAPSKYSFEFDYLRDLQKYIDDCNRRIDTAQRRLEKTPDEIRQTNALLKQISDLASSIQTGLLEIEVLGSSGLVSRALDEHVRIRAALLTKSEHEAKLKALSDTSGPSGHQKLQVCDVCGAYLSRLDNDRRLADHFYGKMHLGYAQMR,Opisthokonta,L2-type
A0A094BE34,1420907,233.46,167.27,213.05,214,AEQRKLLEQLMGASSSTRSAQLSITDLKLCRSYLVGTCPHDLFTNTKQDLGPCPKVHSEPLKEEYLAAPSKYSFEFDYLRDLQKYIDDCNRRIDTAQRRLEKTPDEIRQTNALLKQISDLAASIQTGLLEIEVLGSSGMVSRALDEHVRIRAALLTKSEHEAKLKALSDTSGPSGHQKLQVCDVCGAYLSRLDNDRRLADHFYGKMHLGYAQMR,Opisthokonta,L2-type
A0A094D077,1420910,235.64,167.20,215.24,214,AEQRKLLEQLMGASASTRSAQLSITDPKLCRSYLVGTCPHDLFTNTKQDLGPCPKVHSEPLKEEYLAAPSKYSFEFDYLRDLQKYIDDCNRRIDTAQRRLEKTPDEIRQTNALLKQISDLAASIQTGLLEIEVLGSSGMVSRALDEHVRIRAALLTKSEHEAKLKALSDTSGPSGHQKLQVCDVCGAYLSRLDNDRRLADHFYGKMHLGYAQMR,Opisthokonta,L2-type
A0A094F1H5,1420909,233.27,166.42,212.85,214,AEQRKLLEQLMGASSSTRSAQLSITDPKLCRSYLVGTCPHDLFTNTKQDLGPCPKVHSEPLKEEYLAAPSKYSFEFDYLRDLQKYIDDCNRRIDTAQRRLEKTPDEIRQTNALLKQISDLAASIQTGLLEIEVLGSSGLVSRALDEHVRIRAALLTKSEHEAKLKALSDTSGPSGHQKLQVCDVCGAYLSRLDNDRRLADHFYGKMHLGYAQMR,Opisthokonta,L2-type
A0A094FB69,1420913,233.27,166.42,212.85,214,AEQRKLLEQLMGASSSTRSAQLSITDPKLCRSYLVGTCPHDLFTNTKQDLGPCPKVHSEPLKEEYLAAPSKYSFEFDYLRDLQKYIDDCNRRIDTAQRRLEKTPDEIRQTNALLKQISDLAASIQTGLLEIEVLGSSGLVSRALDEHVRIRAALLTKSEHEAKLKALSDTSGPSGHQKLQVCDVCGAYLSRLDNDRRLADHFYGKMHLGYAQMR,Opisthokonta,L2-type
A0A094FLS4,1420911,233.27,166.42,212.85,214,AEQRKLLEQLMGASSSTRSAQLSITDPKLCRSYLVGTCPHDLFTNTKQDLGPCPKVHSEPLKEEYLAAPSKYSFEFDYLRDLQKYIDDCNRRIDTAQRRLEKTPDEIRQTNALLKQISDLAASIQTGLLEIEVLGSSGLVSRALDEHVRIRAALLTKSEHEAKLKALSDTSGPSGHQKLQVCDVCGAYLSRLDNDRRLADHFYGKMHLGYAQMR,Opisthokonta,L2-type
A0A094GGE9,1420912,233.84,166.31,213.02,214,AEQRKLLEQLMGASASTRSAQLSITDPKLCRSYLVGTCPHDLFTNTKQDLGPCPKVHSEPLKEEYLAAPSKYSFEFDYLRDLQKYIDDCNRRIDTAQRRLEKTPDEIRQTNALLKQISDLAASIQTGLLEIEVLGSSGLVSRALDEHVRIRAALLTKSEHEAKLKALSDTSGPSGHQKLQVCDVCGAYLSRLDNDRRLADHFYGKMHLGYAQMR,Opisthokonta,L2-type
A0A094GLW1,1420915,233.84,166.31,213.02,214,AEQRKLLEQLMGASASTRSAQLSITDPKLCRSYLVGTCPHDLFTNTKQDLGPCPKVHSEPLKEEYLAAPSKYSFEFDYLRDLQKYIDDCNRRIDTAQRRLEKTPDEIRQTNALLKQISDLAASIQTGLLEIEVLGSSGLVSRALDEHVRIRAALLTKSEHEAKLKALSDTSGPSGHQKLQVCDVCGAYLSRLDNDRRLADHFYGKMHLGYAQMR,Opisthokonta,L2-type
A0A094HAN3,1420914,233.84,166.31,213.02,214,AEQRKLLEQLMGASASTRSAQLSITDPKLCRSYLVGTCPHDLFTNTKQDLGPCPKVHSEPLKEEYLAAPSKYSFEFDYLRDLQKYIDDCNRRIDTAQRRLEKTPDEIRQTNALLKQISDLAASIQTGLLEIEVLGSSGLVSRALDEHVRIRAALLTKSEHEAKLKALSDTSGPSGHQKLQVCDVCGAYLSRLDNDRRLADHFYGKMHLGYAQMR,Opisthokonta,L2-type
A0A094K2G1,279965,232.46,159.46,207.84,200,TTRQRIKFSDDRVCKSHLLNCCPHDVLSGTRMDLGECLKVHDLALRADYEIASKDQDFFFELDAMDHLQSFIADCDRRTEVAKKRLAETQEEISAEVAAKAERVHELNEEIGKLLAKVEQLGADGNVEESQKVMDEVEKARVKKREAEEVYRNSMPASSFQQQKLRVCEVCSAYLGLHDNDRRLADHFGGKLHLGFIEIR,Opisthokonta,L2-type
A0A094KU01,345573,156.28,247.45,240.04,191,VCKYYLCGFCPAELFTNTRSDLGPCEKIHDENLRKQYEKSSRFMKVGYERDFLRYLQSLLAEVERRIRRGHARLAlsQNQQSSGGAGPTGKNEEKIQVLTDKIDVLLQQIEELGSEGKVEEAQGMMKLVEQLKEERELLRSTTSTIESFAAQEKQMEVCEVCGAFLIVGDAQSRVDDHLMGKQHMGYAKIK,Opisthokonta,L3-type
A0A094L3Z3,279965,192.59,128.53,169.80,170,RMDLGECTKIHDLALRADYEIASKERDLFFELDAMDHLESFIAECDRRTELAKKRLAETQEEISAEVSAKAEKVHELNEDIGKLLAKAEQLGAEGNVDESQKILMEVEKVRAKKKEAEEEYRNSMPASSFQQQKLRVCEVCSAYLGLHDNDRRLADHFGGKLHLGFIQIR,Opisthokonta,L2-type
A0A094L856,279965,156.28,247.45,240.04,191,VCKYYLCGFCPAELFTNTRSDLGPCEKIHDENLRKQYEKSSRFMKVGYERDFLRYLQSLLAEVERRIRRGHARLAlsQNQQSSGGAGPTGKNEEKIQVLTDKIDVLLQQIEELGSEGKVEEAQGMMKLVEQLKEERELLRSTTSTIESFAAQEKQMEVCEVCGAFLIVGDAQSRVDDHLMGKQHMGYAKIK,Opisthokonta,L3-type
A0A095A0U6,6185,173.23,261.96,257.70,219,AAQKALLDELMGKNRNACNGESSGGPHWSDDDVCKFYLCGFCPHDLFVNTKTDLGQCPKSHDERMRESYKKSSRFGKMGYEQDFVHYLTQLLEDVEKRIRRGHERLAVNKCVNnPDPIGASEKKEKIAALTKRINDLVKQAEELGTEGKVDQAQGVLKLCEQLKFERSQLEGDARPGMTQTKELEVCEICGAFRIKDDAPQRVEEHLSGKMHLGYAKIR,Opisthokonta,L3-type
A0A095C2M4,6185,135.25,89.91,123.27,139,SKALEHLEAFIRDCDQRTDVAKAKLRETQEELTDEASQKAEHINQLSEQIGTKLAKAEQLGADGHVEESLKLMKEVEELNLEKAKSEADLRTAIPTNTYQQQKLRVCEVCSAYLGVHDNDRRLADHFGGKLHLGFIEIR,Opisthokonta,L2-type
A0A096LV26,48698,265.32,186.12,235.85,219,QAQMRALLDQLMGTARDGDETRQRVKFTDERVCKSHLLNCCPHDILSGTRMDLGECTKIHDLALRADYEIASKERDLFFELDAVDHLETFIADCDRRTELAKKRLAETQEEISAEVAAKAEKVHELNEEIGKLLAKAEQLGAEGNVDEAQKVLQEVEKVRTRKKDAEEEYRNSMPASSFQQQKLRVCEVCSAYLGLHDNDRRLADHFGGKLHLGFIQIR,Opisthokonta,L2-type
A0A096NGE3,9555,261.54,181.13,232.67,219,QAQMRAMLDQLMGTSRDGDTTRQRIKFSDDRVCKSHLLNCCPHDVLSGTRMDLGECLKVHDLALRADYEIASKEQDFFFELDAMDHLQSFIADCDRRTEVAKKRLAETQEEISAEVAAKAERVHELNEEIGKLLAKVEQLGAEGNVEESQKVMDEVEKARAKKREAEEVYRNSMPASSFQQQKLRVCEVCSAYLGLHDNDRRLADHFGGKLHLGFIEIR,Opisthokonta,L2-type
A0A096P4L3,9555,174.44,282.02,273.93,224,MISAAQLLDELMGRDRNLAPDEKRSNVRWDHESVCKYYLCGFCPAELFTNTRSDLGPCEKIHDENLRKQYEKSSRFMKVGYERDFLRYLQSLLAEVERRIRRGHARLAlsQNQQSSGAAGPTGKNEEKIQVLTDKIDVLLQQIEELGSEGKVEEAQGMMKLVEQLKEERELLRSTTSTIESFAAQEKQMEVCEVCGAFLIVGDAQSRVDDHLMGKQHMGYAKIK,Opisthokonta,L3-type
A0A096P4L4,9555,174.44,282.02,273.93,224,MISAAQLLDELMGRDRNLAPDEKRSNVRWDHESVCKYYLCGFCPAELFTNTRSDLGPCEKIHDENLRKQYEKSSRFMKVGYERDFLRYLQSLLAEVERRIRRGHARLAlsQNQQSSGAAGPTGKNEEKIQVLTDKIDVLLQQIEELGSEGKVEEAQGMMKLVEQLKEERELLRSTTSTIESFAAQEKQMEVCEVCGAFLIVGDAQSRVDDHLMGKQHMGYAKIK,Opisthokonta,L3-type
A0A096PAX6,70448,85.93,132.37,132.98,227,DAARAALDELMGAERDVPLDQRTgRGRHFTDADVCKYYLCGFDVTCFKNTKSDgdilrvVGasASEKIRDDGLREDFERATSAERARtgYERMTLSVLDDLIRECDRRIARGRARAKQEREEAERKAATSaeADTLRLLEQKMTETAERAEKLGEDGDVDGAEREAALLETLQTRHDEVKRRYETLDGWRLTEPCEVSGTLLCSTDTEERRRDHLVGKQYKGWSRIR,Viridiplantae,Unclassified
A0A096RXB0,4577,320.74,191.96,273.46,304,MDAFRKQLDVLMGANRNGDVEEVSRNYYDRDVCRLFLAGLCPHDLFQLTKMDLGPCSKIHSLQLRKDYEEAKAKGTENFDRELEDMIERLIVECDRKIQRALKRLADddakaaiaisvsevtltddilqlskqikekmvevdafdfegrtddkikaqevveelrtkradmqatllldafnkdraslTQPAQPPQVAAAPPpAPPDARTQEMINEKLKKAEELGEQGMVDEAQKALEEAEALKKLARRPEPPSDPSKYTAADVWITDQKLRLCDICGAFLSVYDNDRRLADHFGGKLHLGYMLIR,Viridiplantae,L2-type
A0A098VVG3,1485682,143.21,215.03,210.71,222,YARQLCNELMGLDRNKTVYEEKtQEKRFYDKDVCKYFLVSFCPHDLFPNTKSDIGPCEyRTHDEALRADYMLNGEDYVVQFEKKMMDYLQRLVNDLDRRIKRAKERLEAkpSDEVLAMMKPNKDEnEERIVKLELQLKDLLDRMEKFGEEGKVYEAQQLDCESDRLRRDIDRIKQEINPMFKMEKEMETCSVCGAFLVVNDIAKRLDAHYEGKQHIGFDKVR,Opisthokonta,L3-type
A0A099P256,4909,135.03,95.89,122.24,233,EQRKLLSNLLGSSMyhlpaGFDPNKPNvsltredIDVRiLESPSVCKPFLLGVCPYEVFDGTKENVGRCRRSHNLQHRLIYERAVELGIPMprsnYELDALKELERFVGDCDERVRIAEQRLDYSESDKLILNELARNVEISEMKLAILKEEIlHVEDMKKKLELSILVRQSWNEWEAVNSQYNVTLEKLnSVGQQQMQVCSVCGAYMSKVDTDRRLVDHFTGKIHQSYVLLR,Opisthokonta,L2-type
A0A099Z5R2,94827,188.81,126.40,167.69,171,QRMDLGECLKVHDLALRADYEIASKDQDFFFELDAMDHLQSFIADCDRRTEVAKKRLAETQEEISAEVAAKAERVHELNEEIGKLLAKVEQLGADGNVEESQKVMDEVEKARVKKREAEEVYRNSMPASSFQQQKLRVCEVCSAYLGLHDNDRRLADHFGGKLHLGFIEIR,Opisthokonta,L2-type
A0A099Z871,94827,156.02,247.87,240.87,191,VCKYYLCGFCPAELFTNTRSDLGPCEKIHDENLRKQYEKSSRFMKVGYERDFLRYLQSLLAEVERRIRRGHARLAlsQNQQSSGAAGPTGKNEEKIQVLTDKIDVLLQQIEELGSEGKVEEAQGMMKLVEQLKEERELLRSTTSTIESFAAQEKQMEVCEVCGAFLIVGDAQSRVDDHLMGKQHMGYAKIK,Opisthokonta,L3-type
A0A099Z8T4,94827,237.46,163.12,211.32,200,ETRQRVKFTDDRVCKSHLLDCCPHDILAGTRMDLGECTKIHDLALRADYEIASKERDLFFELDAMDHLESFIAECDRRTELAKKRLAETQEEISAEVSAKAEKVHELNEDIGKLLAKAEQLGAEGNVDESQKILMEVEKVRAKKKEAEEEYRNSMPASSFQQQKLRVCEVCSAYLGLHDNDRRLADHFGGKLHLGFIQIR,Opisthokonta,L2-type
A0A099ZZ85,50402,156.28,247.45,240.04,191,VCKYYLCGFCPAELFTNTRSDLGPCEKIHDENLRKQYEKSSRFMKVGYERDFLRYLQSLLAEVERRIRRGHARLAlsQNQQSSGGAGPTGKNEEKIQVLTDKIDVLLQQIEELGSEGKVEEAQGMMKLVEQLKEERELLRSTTSTIESFAAQEKQMEVCEVCGAFLIVGDAQSRVDDHLMGKQHMGYAKIK,Opisthokonta,L3-type
A0A0A0A2G3,50402,232.46,159.46,207.84,200,TTRQRIKFSDDRVCKSHLLNCCPHDVLSGTRMDLGECLKVHDLALRADYEIASKDQDFFFELDAMDHLQSFIADCDRRTEVAKKRLAETQEEISAEVAAKAERVHELNEEIGKLLAKVEQLGADGNVEESQKVMDEVEKARVKKREAEEVYRNSMPASSFQQQKLRVCEVCSAYLGLHDNDRRLADHFGGKLHLGFIEIR,Opisthokonta,L2-type
A0A0A0A9Z2,50402,237.46,163.12,211.32,200,ETRQRVKFTDDRVCKSHLLDCCPHDILAGTRMDLGECTKIHDLALRADYEIASKERDLFFELDAMDHLESFIAECDRRTELAKKRLAETQEEISAEVSAKAEKVHELNEDIGKLLAKAEQLGAEGNVDESQKILMEVEKVRAKKKEAEEEYRNSMPASSFQQQKLRVCEVCSAYLGLHDNDRRLADHFGGKLHLGFIQIR,Opisthokonta,L2-type
A0A0A0KRS2,3659,150.87,295.83,281.95,227,MDAQRALLDELMGSARNLTEEERRgyKEVMWDDKEVCGFYMVRFCPHDLFVNTRSDLGPCTRIHDQKLKESFEKSPRHDAYVpkFEAELAQFCEKLVMDLDRRVRRGRERLAQEVEPAPPTPLSAekSEQLSVLEEKIKNLLEQVEALGEAGKVDEAEALMRKVDLLNTEKTALTQQTQNDKVLMLAQEKKMALCEICGSFLVANDAAERVQSHVTGKQHVGYGMVR,Viridiplantae,L3-type
A0A0A0LKT3,3659,318.65,187.70,269.97,304,MDAFRRQLDQLMGANRNGDVQEVSRKYYDRDVCRMFLVGLCPHELFQLTKMDMGPCPKIHSLQLRKEYEEGKAKGIHNYDRDLEDVIDRLIIECDRKIARALKRLEEedakaaiaisvsevtqipevlelskeikeklkeadqydlegktdlkirvlevveelrtrradkqsmllldafnkdrasLPQPLPNPPPLAPLpvVAPDPRTQEMINEKLKKAEELGEQGMIDEAQKALEEAEALKKLPARQEPVVDSSKYTAADVRITDQKLRVCDICGAFLSVYDSDRRLADHFGGKLHLGYMQIR,Viridiplantae,L2-type
A0A0A1T4B8,1531966,230.65,161.69,207.19,217,AEQRKLLEQLMGASSTQAAQVSLSDPKVCRSFVAGTCPHDLFTNTKQDIGPCPLIHSEALKTEYDglTDREKHKYGFEYDYMRDVQKYVDECNRRIESAQRRLEKTPDEIRQTNVLLRNIADLSTTIEDSLLEVEILGSMSEVARAQDELFRARLAMQTKAEREKELKALSDTSGPSGHQKLQVCDVCGAYLSRLDNDRRLADHFYGKMHLGYAQMR,Opisthokonta,L2-type
A0A0A1UK18,1086054,281.69,178.56,237.65,221,MQRKLLEQMMGPEAMGAVNANLQWFDEKVCRNFLCGTCPHALFTNTKMDLGPCPKSHTERLKTDFNEAREKNPSDprfdqFQREYEANISSFVEECDRRIRAAHRRLEKTPEENAKTTNLMREIGEIELAIQGGTEKIESLGEEGKVEESMRELEAVEALKAEKTEKERELQQLTDTSGASGHQKLRVCDVCGAYLSVLDSDRRLADHFGGKMHLGYFELR,Opisthokonta,L2-type
A0A0A1V5M5,568076,236.03,162.58,208.62,218,AEQRKLLEQLMGHQSTSRAAQLSLTDPKVCRSYLVGTCPHDLFTNTKQDLGQCPKVHSEPLKVEYEALSdrEKQRYGFDYDYMRDLQKYIDDCNRRIDAAQKRLEKTPDEIRQTNVLLKTISELAASIANGQLEVEVLASMNEVSRAVDENFRIKQTMQLKVEKEKELKALSDTSGPSGHQKLQVCDVCGAYLSRLDNDRRLADHFYGKMHLGYASMR,Opisthokonta,L2-type
A0A0A1XIW0,28588,152.13,245.82,241.55,272,DAARQMLDELMGRNRNLHPSEAPRKVSWDDPDFCQYYIVKFCPHDLFINTRADLGPCTQIHDDEAKRLYDEARPSpRKRSYEDEFLRFCNNMLNDVDRKIQKGKQRLQLMHRDQPAPSiPLSKYQEQLNNMNARIKKLLSEAEEAGIRGDVDQAKDLMALCEQLKDEKEalvaqhEQQQQLHHQTngllkeslttpppesnADKSDGekspksedggsekkvlpwmqdlgTLPEKQMEVCEICGAFLIVGDAQQRIEDHLMGKQHLGYSRLR,Opisthokonta,L3-type
A0A0A1XSL7,28588,252.84,181.22,232.18,217,DQMRAMLDQLMGTTRNGDDGRGLKFSDARVCKSFLLDCCPHDILASTRMDLGECPKVHDLAFRADYESAAKSHDFYYDIEAMEHLQAFIADCDRRTESAKQRLKETQEELTAEVAEKANAVHALAEEIGKKLAKAEALGEAGEVEESMSLMKEIDELRTKKIKAEHEYRTSMPASTYQQQKLRVCEVCSAYLGIHDNDIRLADHFGGKLHLGFLTIR,Opisthokonta,L2-type
A0A0A2IL91,27334,237.57,179.34,220.29,224,AEQRKLLEQLMGADQLIGTGAQGrnSQLSITDNKVCRSYIVGTCPHDLFTNTKQDLGPCPKVHSEGLKTEYDTAPSSEKAKwgFEFDYLRDMQKYIDDCDRRIDTAQRRLEKTPDEIRQTNDLLKQIADLSNTINSGLQEVSILGETGSVALALSEMHKVRTSKHQKESLERDLKNLQDTSGPSGHQKLQVCDVCGAYLSRLDNDRRLADHFFGKMHMGYSDMR,Opisthokonta,L2-type
A0A0A2L5N4,40296,237.57,179.34,220.29,224,AEQRKLLEQLMGADQLIGTGAQGrnSQLSITDNKVCRSYIVGTCPHDLFTNTKQDLGPCPKVHSEGLKTEYDTAPSSEKAKwgFEFDYLRDMQKYIDDCDRRIDTAQRRLEKTPDEIRQTNDLLKQIADLSNTINSGLQEVSILGETGSVALALSEMHKVRTSKHQKESLERDLKNLQDTSGPSGHQKLQVCDVCGAYLSRLDNDRRLADHFFGKMHMGYSDMR,Opisthokonta,L2-type
A0A0A2VX19,1245745,230.15,164.55,209.18,218,AEQRKLLEQLMGASVTSQAAKVSFSDPKLCRSYIAGTCPHILFTNTKQDLGPCPKIHSEALKTEYDAMSEREKSKlgFEYDYIRHLYQYIDECNRGIEAAQRRLKKTPEEIRQTNVMLKAISDLNTSIHNGLLEVEILGSMSEVSRAQDELFRVRQAMQAKAEKERELKALADTSGPSGHQKLQVCDVCGAYLSRLDNDRRLADHFYGKMHLGFAQMR,Opisthokonta,L2-type
A0A0A6YYJ8,9606,237.47,161.77,210.97,203,KGDTTRQRIKFSDDRVCKSHLLNCCPHDVLSGTRMDLGECLKVHDLALRADYEIASKEQDFFFELDAMDHLQSFIADCDRRTEVAKKRLAETQEEISAEVAAKAERVHELNEEIGKLLAKVEQLGAEGNVEESQKVMDEVEKARAKKREAEEVYRNSMPASSFQQQKLRVCEVCSAYLGLHDNDRRLADHFGGKLHLGFIEIR,Opisthokonta,L2-type
A0A0A8LBR1,1427455,163.73,131.13,154.48,212,EQRKLISQLMSSAATSYGLTSPSTCKSFIVGHCPYDLFQETKQPMGQCPRIHSLSHKMQYEREMKKGKKFaeFDLEHYSILKKILSDCNVQIEMAHKKLQHHEEHSKLTAmLQELNQLESKCALMLSEIDMLIQNGEVMKAMIQSCKYNELQKERDTLSETCRKMNENTNQSAQQKLQVCRVCGAYLSRLDTDRRLADHFMGKIHLGYVTMR,NA,Unclassified
A0A0A9IXA2,35708,105.83,71.22,105.62,208,MDMGPCPKLHSLQLRKEYEEAKAEGKDNYDRELEETIERLIVECERKIQRALKRLEEedakaaiaisvtevtqtkevmelskqirqkmkeidafdlegntegkvrateeidklkeqraeeqakmlleafnkdrvslinsLQNAAQSTTPAppAAPDARTQEMINEKLKKAEELGENGMIDEAQKLLDEAEALKKLSSRPQPVPDSAKM,Viridiplantae,Unclassified
A0A0A9YKK2,30085,154.20,261.14,252.46,230,AAAALLDELMGRYRNLAPNDKTKDLNWEDPEFCKYYMVKFCPHDLFVNTRADLGACPKVHDDEVKDLFEKSTSSKKQAYEDEFIRFAQSMLNEVERKIVKGKQRLALMSKSEPPSTlSAAQTqrnDERIKLLLEKINKLVNEAEAAGIEGNVEQAQGLMKLCDQLKDERETLQKQNENSawSQTAELAAAQEKQMEVCEVCGAFLIVGDAQSRIDDHLQGKQHVGYQRLR,Opisthokonta,L3-type
A0A0A9YM27,30085,154.20,261.14,252.46,230,AAAALLDELMGRYRNLAPNDKTKDLNWEDPEFCKYYMVKFCPHDLFVNTRADLGACPKVHDDEVKDLFEKSTSSKKQAYEDEFIRFAQSMLNEVERKIVKGKQRLALMSKSEPPSTlSAAQTqrnDERIKLLLEKINKLVNEAEAAGIEGNVEQAQGLMKLCDQLKDERETLQKQNENSawSQTAELAAAQEKQMEVCEVCGAFLIVGDAQSRIDDHLQGKQHVGYQRLR,Opisthokonta,L3-type
A0A0A9ZEZ2,30085,270.08,179.28,234.77,218,DQMRAMLDQLMGTGRNGENNRYQVKFTDPKVCKSFLLGCCPHEILSSTRMDLGECPKIHDLALRADFEHASRTKDYYYDIDAMEQLESFISDCDRRTEVAKQRLLETQEELSAEVAEKANVVHELAEEIGKKLAKAEALGAEGMVDDSLKLMGEIDDLRKKKNMAEEVYRNSMPASSYQQQKLRVCEVCSAYLGIHDNDRRLADHFGGKLHLGFISIR,Opisthokonta,L2-type
A0A0A9ZIR7,30085,188.88,122.10,164.41,169,MDLGECPKIHDLALRADFEHASRTKDYYYDIDAMEQLESFISDCDRRTEVAKQRLLETQEELSAEVAEKANVVHELAEEIGKKLAKAEALGAEGMVDDSLKLMGEIDDLRKKKNMAEEVYRNSMPASSYQQQKLRVCEVCSAYLGIHDNDRRLADHFGGKLHLGFISIR,Opisthokonta,L2-type
A0A0A9ZIS0,30085,194.82,126.67,169.97,176,HLVTSARMDLGECPKIHDLALRADFEHASRTKDYYYDIDAMEQLESFISDCDRRTEVAKQRLLETQEELSAEVAEKANVVHELAEEIGKKLAKAEALGAEGMVDDSLKLMGEIDDLRKKKNMAEEVYRNSMPASSYQQQKLRVCEVCSAYLGIHDNDRRLADHFGGKLHLGFISIR,Opisthokonta,L2-type
A0A0B0MKK3,29729,118.12,229.38,218.18,196,MDAQRALLDELMGTARNLTDEEKKgyREIRWDDKEVCAFYMVRFCPHDLFVNTRSDLGPCPRVHDQKLKESFEKSPRHDAYVpkFEAELAQFCEKLVMDLDRRVRRGRERLAQEVEPAPPAPLSAekSEQLSVMEEKIKNLLEQVETLGEAGKVDEAEALMRKVEALNAEKTALAQQPQNDKVLMLAQEKKMALCE,Viridiplantae,L3-type
A0A0B0MSE8,29729,132.37,76.51,111.93,103,AAPDPHIQEMINEKLKKAEDLGEKGMVDEAQKALEEAEALKKLPARQEPVLDSSKYTAADVRITDQKLRVCDICGAFLSVYDSDRRLADHFGGKLHLGYMQIR,Viridiplantae,Unclassified
A0A0B0P8T9,29729,154.25,297.07,283.61,227,MDAQRALLDELMGTARNLTEEEKKgyRELRWDDKEVCAFYMVRFCPHDLFVNTRSDLGQCPRVHDPKLKESFEKSSRHDAYVpkFEAELAKFCEKLVMDLDRRVRRGRERLAQEVEPAPPAPLSAekSEQLSVLEEKIKNLLEQVESLGEAGKVDEAEALMRKVEALNAEKTVLTQQpQNDKVLMLAQEKKMALCEVCGSFLVANDAAERTQSHVTGKQHIGYGMVR,Viridiplantae,L3-type
A0A0B1PPQ6,68888,251.28,188.05,231.15,218,DQIRKMLDELMGTGRDGESRRDTVRYTDTRVCRTFLLGCCPFDVLANTRMDMGLCPKIHDPALKADYEKAAKDGKVNFDVDALDHLDRFFTDSDRKMEQAKKRLAETQEEMNVELTEKADRVLMLNEEIGKALAQAEKLGEEGKVEESLQLMGQVDELRKQKQEADLDYRNSMPASSYQQQKLRVCEVCSAYLGIHDNDRRLADHFGGKLHMGYAYLR,Opisthokonta,L2-type
A0A0B1RYT9,61180,76.25,103.83,105.93,145,SAIDFDHPDVCRDFLVGFCLAEAFRNTKNDLGFCPYpIHDEALKKRYQESHRYGRLGYEEKYLERLNRMHNEVRRKIEKNEARLVHTRADTHVSSEVYDKKKQELIEKremigrkIEGLMEEAEIEGQQGNVAAAQTAVQKADEL,Opisthokonta,Unclassified
A0A0B1SI42,61180,89.94,123.80,122.61,154,MFVNTKADLGPCPKVHDDNLRLEYPKSDKFEKLGFEREFLKFLSRLDEDNQRRIRKNLEKLKANEENGQKKEDLRKLRDEQEIARIDSEIKLHMAEAEKRMNSNTTIPPPIDESAIKVMEVCEVCGSMLIKNDAQCRVEEHLSGKMHMGFSKIK,Opisthokonta,Unclassified
A0A0B1T4W0,61180,153.10,136.81,159.36,220,DVMRDMIAQLMGSQKEGEEGRELVPYYHPSVCRAYLIGCCPYELVPDSRlQGLVSCRKTHEPAHKADFLKAQKERDHYYDVDAFDILENAIRIVDNEISRIKDKLDREAREQTDTAEAVKAQRINDLSEQIGKAVTEMEELGNMGKVDESIKLSKTVEDLRARKAELESQTDFRLAGPGSNAARLRVCEDCGAQLNIMDHESRIADHFGGKMHLGMVECR,Opisthokonta,L2-type
A0A0B1TNY5,61180,18.12,23.88,25.39,24,TNDAQSRIDDHLSGKLHIAYTRIK,Opisthokonta,No class info available
A0A0B2SNI0,3848,154.29,297.42,285.77,226,MDAQRALLDELMGAARNLTEEERKgyKEVSWDDKEVCGFYMVRFCPHDLFVNTRSDLGPCPRIHDPKLKESFEKSPRHDAYVpkFEAELSQFCEKLVMDLDRRVRRGRERLAQEVEPTPPPPLTAekSEQLSVLEEKIKNLLEQVESLGEAGKVDEAEALMRKVETLNAEKTALTQPQNDKVLMLGQEKKMALCEICGSFLVANDAAERTQSHVTGKQHVGYGMVR,Viridiplantae,L3-type
A0A0B2UL11,1354746,80.05,106.37,102.12,204,DRAREVLNTLLGLDRDVYKSTERRSIDESICKYMLVCFCPFKLFENTRRSIGRCRyTSHEEYYKVEYCRQGSIGIEQHEWEFIRLLVEIVVYTERCLEKRNDEGKDIELADKIAEVEETFNKQYNTIEQLVKQEGVSEAYDAFMKCEKTRMNLEKLKEAHFARNGGSGMDKCMVCGSSVVLSDTKSKNASHINGRLHKGHLLVR,Opisthokonta,Unclassified
A0A0B2VSB0,6265,149.21,203.64,203.81,242,EQMAAMLNELMGPKRNADFGDTNEPDFDEPDVCKHFLVAFCPNEMFRNTKADLGYCSKIHDPALRTKYRQSSRFEKLGYEEDFLNKIRRLDDEVRRKIEKNERRLAVtqplanvastseegEVESDAQRRQKEMIAEQQSSLSAKISECMDKAEKLGALGKVDEAKEAVRQAEKFKQERTALDRLLTQSSTPANHiedlANQLSKPMEVCQVCGCFMLVNDVQQRIDDHYAGKQHMAYAKIR,Opisthokonta,Unclassified
A0A0B2W5P9,6265,163.33,145.31,165.84,217,AEMRDMINQLMGSNRAEEEGRQLVPYNHHSVCRAFLLGCCPHEILADTRLeSFVACHKVHESAHKADFENAQKEKDHFYDVDVFERLEEAIRVVDKEIERTKEKLKRDCENETDQAEILKTQKIGELGEKIGTTIVKMEALGNEGKVDEAMELSKTIEELKKKKKDLENDMRTVLNTPQVRLRVCEMCSAQLSIMEHETRLADHYGGKMHVGMEMIR,Opisthokonta,Unclassified
A0A0B2WR07,1081103,235.86,163.71,208.33,218,AEQRKLLEQLMGNQSTSRAAQLSLTDPKVCRSYLVGTCPHDLFTNTKQDLGQCPKVHAEPLKAEYEALSdrEKQRYGFDYDYMRDLQKYIDDCNRRIDAAQKRLEKTPDEIRQTNVLLRIISELSASIANGQVEVEVLASMNEVARAVDENFRIKQTMQLKAEKEKELKALSDTSGPSGHQKLQVCDVCGAYLSRLDNDRRLADHFYGKMHLGYASMR,Opisthokonta,L2-type
A0A0B4FNN3,1276135,236.03,162.58,208.62,218,AEQRKLLEQLMGHQSTSRAAQLSLTDPKVCRSYLVGTCPHDLFTNTKQDLGQCPKVHSEPLKVEYEALSdrEKQRYGFDYDYMRDLQKYIDDCNRRIDAAQKRLEKTPDEIRQTNVLLKTISELAASIANGQLEVEVLASMNEVSRAVDENFRIKQTMQLKVEKEKELKALSDTSGPSGHQKLQVCDVCGAYLSRLDNDRRLADHFYGKMHLGYASMR,Opisthokonta,L2-type
A0A0B4HSN6,1276136,236.03,162.58,208.62,218,AEQRKLLEQLMGHQSTSRAAQLSLTDPKVCRSYLVGTCPHDLFTNTKQDLGQCPKVHSEPLKVEYEALSdrEKQRYGFDYDYMRDLQKYIDDCNRRIDAAQKRLEKTPDEIRQTNVLLKTISELAASIANGQLEVEVLASMNEVSRAVDENFRIKQTMQLKVEKEKELKALSDTSGPSGHQKLQVCDVCGAYLSRLDNDRRLADHFYGKMHLGYASMR,Opisthokonta,L2-type
A0A0B4I6N4,1276143,236.03,162.58,208.62,218,AEQRKLLEQLMGHQSTSRAAQLSLTDPKVCRSYLVGTCPHDLFTNTKQDLGQCPKVHSEPLKVEYEALSdrEKQRYGFDYDYMRDLQKYIDDCNRRIDAAQKRLEKTPDEIRQTNVLLKTISELAASIANGQLEVEVLASMNEVSRAVDENFRIKQTMQLKVEKEKELKALSDTSGPSGHQKLQVCDVCGAYLSRLDNDRRLADHFYGKMHLGYASMR,Opisthokonta,L2-type
A0A0B6ZDF5,1028688,172.09,266.51,262.41,220,AEAKALLDELMGRARNLDPSQQPQDITWNNPDVCKSFLCGFCPHELFTNTRADLGICNKIHDEALRKEYQNSSKFEKCGYEVDFIRFLQTLISDVEKRIKRGHQRLALNSQQNSMNgVPGNQNAEKVQLLTEKINNLVQQAEELGCEGKVEEAQGVMKLAEQLKEERHQLETQTMQDDVPMMKQMEVCEVCGAFLIVGDAPQRQDEHLMGKQHAGYAQVR,Opisthokonta,L3-type
A0A0B7AIK3,1028688,265.41,187.47,236.98,218,EQMRAMLDELMGTSRDGDSDKYRVKFDDPRVCKSFLLSCCPHDILASTRMDLGDCPNIHDLALRADYEIAARNKDYFYDIDAMEHLQSFITDCDRKTEVAKRRLKETQEELSEEANSKAEQIHALGEQIGTLMAKAEEVATSGEVDSSMKMLEEVETLKIKKTQSEIELRNSMPASSYQQQKLRVCEVCGAYLGIHDNDRRLADHFGGKLHLGFITIR,Opisthokonta,L2-type
A0A0B7AIK7,1028688,266.93,187.00,237.54,218,DQIRAMLDELMGTSRDGDSAKYRVKFDDPRVCKSFLLGCCPHDILASTRMDLGECPSVHDLAFRADYETAALNKDYFYDIDAMEHLQSFISDCDRKTEVAKRRLKETQEELSEEANSKAEQIHALGEQIGTLMAKAEEVGASGQVDESMKMLEQVEALKFKKTQSEIELRDSMPASSYQQQKLRVCEVCGAYLGIHDNDRRLADHFGGKLHLGFITIR,Opisthokonta,L2-type
A0A0B7AIZ4,1028688,266.93,187.00,237.54,218,DQIRAMLDELMGTSRDGDSAKYRVKFDDPRVCKSFLLGCCPHDILASTRMDLGECPSVHDLAFRADYETAALNKDYFYDIDAMEHLQSFISDCDRKTEVAKRRLKETQEELSEEANSKAEQIHALGEQIGTLMAKAEEVGASGQVDESMKMLEQVEALKFKKTQSEIELRDSMPASSYQQQKLRVCEVCGAYLGIHDNDRRLADHFGGKLHLGFITIR,Opisthokonta,L2-type
